JournalID,LineNumber,PostingDate,EntityID,AccountCode,Debit,Credit,Amount,Description,IntercompanyEntityID,IsIntercompany
JNL1001,1,2024-07-01,ENT001,100,350000.00,0.00,350000.00,Opening Balance FY25,,FALSE
JNL1001,2,2024-07-01,ENT001,110,120000.00,0.00,120000.00,Opening Balance FY25,,FALSE
JNL1001,3,2024-07-01,ENT001,200,80000.00,0.00,80000.00,Opening Balance FY25,,FALSE
JNL1001,4,2024-07-01,ENT001,300,0.00,90000.00,-90000.00,Opening Balance FY25,,FALSE
JNL1001,5,2024-07-01,ENT001,500,0.00,100000.00,-100000.00,Opening Balance FY25,,FALSE
JNL1001,6,2024-07-01,ENT001,510,0.00,360000.00,-360000.00,Opening Balance FY25,,FALSE
JNL1002,1,2024-07-01,ENT002,100,180000.00,0.00,180000.00,Opening Balance FY25,,FALSE
JNL1002,2,2024-07-01,ENT002,110,95000.00,0.00,95000.00,Opening Balance FY25,,FALSE
JNL1002,3,2024-07-01,ENT002,120,150000.00,0.00,150000.00,Opening Balance FY25,,FALSE
JNL1002,4,2024-07-01,ENT002,200,65000.00,0.00,65000.00,Opening Balance FY25,,FALSE
JNL1002,5,2024-07-01,ENT002,300,0.00,110000.00,-110000.00,Opening Balance FY25,,FALSE
JNL1002,6,2024-07-01,ENT002,500,0.00,50000.00,-50000.00,Opening Balance FY25,,FALSE
JNL1002,7,2024-07-01,ENT002,510,0.00,330000.00,-330000.00,Opening Balance FY25,,FALSE
JNL1003,1,2024-07-01,ENT003,100,95000.00,0.00,95000.00,Opening Balance FY25,,FALSE
JNL1003,2,2024-07-01,ENT003,110,140000.00,0.00,140000.00,Opening Balance FY25,,FALSE
JNL1003,3,2024-07-01,ENT003,200,450000.00,0.00,450000.00,Opening Balance FY25,,FALSE
JNL1003,4,2024-07-01,ENT003,210,0.00,90000.00,-90000.00,Opening Balance FY25,,FALSE
JNL1003,5,2024-07-01,ENT003,300,0.00,75000.00,-75000.00,Opening Balance FY25,,FALSE
JNL1003,6,2024-07-01,ENT003,400,0.00,250000.00,-250000.00,Opening Balance FY25,,FALSE
JNL1003,7,2024-07-01,ENT003,500,0.00,50000.00,-50000.00,Opening Balance FY25,,FALSE
JNL1003,8,2024-07-01,ENT003,510,0.00,220000.00,-220000.00,Opening Balance FY25,,FALSE
JNL1004,1,2024-07-01,ENT004,100,60000.00,0.00,60000.00,Opening Balance FY25,,FALSE
JNL1004,2,2024-07-01,ENT004,250,1800000.00,0.00,1800000.00,Opening Balance FY25,,FALSE
JNL1004,3,2024-07-01,ENT004,400,0.00,900000.00,-900000.00,Opening Balance FY25,,FALSE
JNL1004,4,2024-07-01,ENT004,500,0.00,100.00,-100.00,Opening Balance FY25,,FALSE
JNL1004,5,2024-07-01,ENT004,510,0.00,959900.00,-959900.00,Opening Balance FY25,,FALSE
JNL1005,1,2024-07-15,ENT001,110,160000.00,0.00,160000.00,Advisory Billings - M1,,FALSE
JNL1005,2,2024-07-15,ENT001,610,0.00,160000.00,-160000.00,Advisory Billings - M1,,FALSE
JNL1006,1,2024-07-28,ENT001,800,75000.00,0.00,75000.00,Monthly Payroll - M1,,FALSE
JNL1006,2,2024-07-28,ENT001,805,9000.00,0.00,9000.00,Monthly Payroll - M1,,FALSE
JNL1006,3,2024-07-28,ENT001,100,0.00,75000.00,-75000.00,Monthly Payroll - M1,,FALSE
JNL1006,4,2024-07-28,ENT001,330,0.00,9000.00,-9000.00,Monthly Payroll - M1,,FALSE
JNL1007,1,2024-07-28,ENT001,820,12000.00,0.00,12000.00,Operating Costs & Rent - M1,,FALSE
JNL1007,2,2024-07-28,ENT001,830,3500.00,0.00,3500.00,Operating Costs & Rent - M1,,FALSE
JNL1007,3,2024-07-28,ENT001,100,0.00,15500.00,-15500.00,Operating Costs & Rent - M1,,FALSE
JNL1008,1,2024-07-15,ENT002,100,280000.00,0.00,280000.00,Food Retailing Sales - M1,,FALSE
JNL1008,2,2024-07-15,ENT002,600,0.00,280000.00,-280000.00,Food Retailing Sales - M1,,FALSE
JNL1009,1,2024-07-15,ENT002,700,162400.00,0.00,162400.00,Produce Inventory Purchase - M1,,FALSE
JNL1009,2,2024-07-15,ENT002,100,0.00,162400.00,-162400.00,Produce Inventory Purchase - M1,,FALSE
JNL1010,1,2024-07-28,ENT002,800,45000.00,0.00,45000.00,Monthly Payroll - M1,,FALSE
JNL1010,2,2024-07-28,ENT002,805,5400.00,0.00,5400.00,Monthly Payroll - M1,,FALSE
JNL1010,3,2024-07-28,ENT002,100,0.00,45000.00,-45000.00,Monthly Payroll - M1,,FALSE
JNL1010,4,2024-07-28,ENT002,330,0.00,5400.00,-5400.00,Monthly Payroll - M1,,FALSE
JNL1011,1,2024-07-28,ENT002,820,8500.00,0.00,8500.00,Store Operating Costs - M1,,FALSE
JNL1011,2,2024-07-28,ENT002,810,4200.00,0.00,4200.00,Store Operating Costs - M1,,FALSE
JNL1011,3,2024-07-28,ENT002,100,0.00,12700.00,-12700.00,Store Operating Costs - M1,,FALSE
JNL1012,1,2024-07-15,ENT003,110,190000.00,0.00,190000.00,Freight Service Revenue - M1,,FALSE
JNL1012,2,2024-07-15,ENT003,600,0.00,190000.00,-190000.00,Freight Service Revenue - M1,,FALSE
JNL1013,1,2024-07-15,ENT003,710,53200.00,0.00,53200.00,Fleet Fuel & Maintenance - M1,,FALSE
JNL1013,2,2024-07-15,ENT003,810,6500.00,0.00,6500.00,Fleet Fuel & Maintenance - M1,,FALSE
JNL1013,3,2024-07-15,ENT003,100,0.00,59700.00,-59700.00,Fleet Fuel & Maintenance - M1,,FALSE
JNL1014,1,2024-07-28,ENT003,800,60000.00,0.00,60000.00,Driver Payroll - M1,,FALSE
JNL1014,2,2024-07-28,ENT003,805,7200.00,0.00,7200.00,Driver Payroll - M1,,FALSE
JNL1014,3,2024-07-28,ENT003,100,0.00,60000.00,-60000.00,Driver Payroll - M1,,FALSE
JNL1014,4,2024-07-28,ENT003,330,0.00,7200.00,-7200.00,Driver Payroll - M1,,FALSE
JNL1015,1,2024-07-28,ENT003,890,4500.00,0.00,4500.00,Vehicle Depreciation - M1,,FALSE
JNL1015,2,2024-07-28,ENT003,210,0.00,4500.00,-4500.00,Vehicle Depreciation - M1,,FALSE
JNL1016,1,2024-07-15,ENT004,100,25000.00,0.00,25000.00,Property Rent Collection - M1,,FALSE
JNL1016,2,2024-07-15,ENT004,620,0.00,25000.00,-25000.00,Property Rent Collection - M1,,FALSE
JNL1017,1,2024-07-28,ENT004,895,5200.00,0.00,5200.00,Bank Facility Interest - M1,,FALSE
JNL1017,2,2024-07-28,ENT004,100,0.00,5200.00,-5200.00,Bank Facility Interest - M1,,FALSE
JNL1018,1,2024-07-28,ENT001,180,16000.00,0.00,16000.00,Intercompany Management Fees Charged,GROUP,TRUE
JNL1018,2,2024-07-28,ENT001,650,0.00,16000.00,-16000.00,Intercompany Management Fees Charged,GROUP,TRUE
JNL1019,1,2024-07-28,ENT002,880,10000.00,0.00,10000.00,Intercompany Management Fee Incurred,ENT001,TRUE
JNL1019,2,2024-07-28,ENT002,380,0.00,10000.00,-10000.00,Intercompany Management Fee Incurred,ENT001,TRUE
JNL1020,1,2024-07-28,ENT003,880,6000.00,0.00,6000.00,Intercompany Management Fee Incurred,ENT001,TRUE
JNL1020,2,2024-07-28,ENT003,380,0.00,6000.00,-6000.00,Intercompany Management Fee Incurred,ENT001,TRUE
JNL1021,1,2024-07-28,ENT003,180,8500.00,0.00,8500.00,Internal Logistics Billed to Draynor,ENT002,TRUE
JNL1021,2,2024-07-28,ENT003,600,0.00,8500.00,-8500.00,Internal Logistics Billed to Draynor,ENT002,TRUE
JNL1022,1,2024-07-28,ENT002,750,8500.00,0.00,8500.00,Intercompany Freight Costs,ENT003,TRUE
JNL1022,2,2024-07-28,ENT002,380,0.00,8500.00,-8500.00,Intercompany Freight Costs,ENT003,TRUE
JNL1023,1,2024-08-15,ENT001,110,162400.00,0.00,162400.00,Advisory Billings - M2,,FALSE
JNL1023,2,2024-08-15,ENT001,610,0.00,162400.00,-162400.00,Advisory Billings - M2,,FALSE
JNL1024,1,2024-08-28,ENT001,800,76125.00,0.00,76125.00,Monthly Payroll - M2,,FALSE
JNL1024,2,2024-08-28,ENT001,805,9135.00,0.00,9135.00,Monthly Payroll - M2,,FALSE
JNL1024,3,2024-08-28,ENT001,100,0.00,76125.00,-76125.00,Monthly Payroll - M2,,FALSE
JNL1024,4,2024-08-28,ENT001,330,0.00,9135.00,-9135.00,Monthly Payroll - M2,,FALSE
JNL1025,1,2024-08-28,ENT001,820,12000.00,0.00,12000.00,Operating Costs & Rent - M2,,FALSE
JNL1025,2,2024-08-28,ENT001,830,3500.00,0.00,3500.00,Operating Costs & Rent - M2,,FALSE
JNL1025,3,2024-08-28,ENT001,100,0.00,15500.00,-15500.00,Operating Costs & Rent - M2,,FALSE
JNL1026,1,2024-08-15,ENT002,100,284200.00,0.00,284200.00,Food Retailing Sales - M2,,FALSE
JNL1026,2,2024-08-15,ENT002,600,0.00,284200.00,-284200.00,Food Retailing Sales - M2,,FALSE
JNL1027,1,2024-08-15,ENT002,700,164836.00,0.00,164836.00,Produce Inventory Purchase - M2,,FALSE
JNL1027,2,2024-08-15,ENT002,100,0.00,164836.00,-164836.00,Produce Inventory Purchase - M2,,FALSE
JNL1028,1,2024-08-28,ENT002,800,45675.00,0.00,45675.00,Monthly Payroll - M2,,FALSE
JNL1028,2,2024-08-28,ENT002,805,5481.00,0.00,5481.00,Monthly Payroll - M2,,FALSE
JNL1028,3,2024-08-28,ENT002,100,0.00,45675.00,-45675.00,Monthly Payroll - M2,,FALSE
JNL1028,4,2024-08-28,ENT002,330,0.00,5481.00,-5481.00,Monthly Payroll - M2,,FALSE
JNL1029,1,2024-08-28,ENT002,820,8500.00,0.00,8500.00,Store Operating Costs - M2,,FALSE
JNL1029,2,2024-08-28,ENT002,810,4200.00,0.00,4200.00,Store Operating Costs - M2,,FALSE
JNL1029,3,2024-08-28,ENT002,100,0.00,12700.00,-12700.00,Store Operating Costs - M2,,FALSE
JNL1030,1,2024-08-15,ENT003,110,192850.00,0.00,192850.00,Freight Service Revenue - M2,,FALSE
JNL1030,2,2024-08-15,ENT003,600,0.00,192850.00,-192850.00,Freight Service Revenue - M2,,FALSE
JNL1031,1,2024-08-15,ENT003,710,53998.00,0.00,53998.00,Fleet Fuel & Maintenance - M2,,FALSE
JNL1031,2,2024-08-15,ENT003,810,6500.00,0.00,6500.00,Fleet Fuel & Maintenance - M2,,FALSE
JNL1031,3,2024-08-15,ENT003,100,0.00,60498.00,-60498.00,Fleet Fuel & Maintenance - M2,,FALSE
JNL1032,1,2024-08-28,ENT003,800,60900.00,0.00,60900.00,Driver Payroll - M2,,FALSE
JNL1032,2,2024-08-28,ENT003,805,7308.00,0.00,7308.00,Driver Payroll - M2,,FALSE
JNL1032,3,2024-08-28,ENT003,100,0.00,60900.00,-60900.00,Driver Payroll - M2,,FALSE
JNL1032,4,2024-08-28,ENT003,330,0.00,7308.00,-7308.00,Driver Payroll - M2,,FALSE
JNL1033,1,2024-08-28,ENT003,890,4500.00,0.00,4500.00,Vehicle Depreciation - M2,,FALSE
JNL1033,2,2024-08-28,ENT003,210,0.00,4500.00,-4500.00,Vehicle Depreciation - M2,,FALSE
JNL1034,1,2024-08-15,ENT004,100,25000.00,0.00,25000.00,Property Rent Collection - M2,,FALSE
JNL1034,2,2024-08-15,ENT004,620,0.00,25000.00,-25000.00,Property Rent Collection - M2,,FALSE
JNL1035,1,2024-08-28,ENT004,895,5200.00,0.00,5200.00,Bank Facility Interest - M2,,FALSE
JNL1035,2,2024-08-28,ENT004,100,0.00,5200.00,-5200.00,Bank Facility Interest - M2,,FALSE
JNL1036,1,2024-08-28,ENT001,180,16000.00,0.00,16000.00,Intercompany Management Fees Charged,GROUP,TRUE
JNL1036,2,2024-08-28,ENT001,650,0.00,16000.00,-16000.00,Intercompany Management Fees Charged,GROUP,TRUE
JNL1037,1,2024-08-28,ENT002,880,10000.00,0.00,10000.00,Intercompany Management Fee Incurred,ENT001,TRUE
JNL1037,2,2024-08-28,ENT002,380,0.00,10000.00,-10000.00,Intercompany Management Fee Incurred,ENT001,TRUE
JNL1038,1,2024-08-28,ENT003,880,6000.00,0.00,6000.00,Intercompany Management Fee Incurred,ENT001,TRUE
JNL1038,2,2024-08-28,ENT003,380,0.00,6000.00,-6000.00,Intercompany Management Fee Incurred,ENT001,TRUE
JNL1039,1,2024-08-28,ENT003,180,8500.00,0.00,8500.00,Internal Logistics Billed to Draynor,ENT002,TRUE
JNL1039,2,2024-08-28,ENT003,600,0.00,8500.00,-8500.00,Internal Logistics Billed to Draynor,ENT002,TRUE
JNL1040,1,2024-08-28,ENT002,750,8500.00,0.00,8500.00,Intercompany Freight Costs,ENT003,TRUE
JNL1040,2,2024-08-28,ENT002,380,0.00,8500.00,-8500.00,Intercompany Freight Costs,ENT003,TRUE
JNL1041,1,2024-09-15,ENT001,110,164800.00,0.00,164800.00,Advisory Billings - M3,,FALSE
JNL1041,2,2024-09-15,ENT001,610,0.00,164800.00,-164800.00,Advisory Billings - M3,,FALSE
JNL1042,1,2024-09-28,ENT001,800,77250.00,0.00,77250.00,Monthly Payroll - M3,,FALSE
JNL1042,2,2024-09-28,ENT001,805,9270.00,0.00,9270.00,Monthly Payroll - M3,,FALSE
JNL1042,3,2024-09-28,ENT001,100,0.00,77250.00,-77250.00,Monthly Payroll - M3,,FALSE
JNL1042,4,2024-09-28,ENT001,330,0.00,9270.00,-9270.00,Monthly Payroll - M3,,FALSE
JNL1043,1,2024-09-28,ENT001,820,12000.00,0.00,12000.00,Operating Costs & Rent - M3,,FALSE
JNL1043,2,2024-09-28,ENT001,830,3500.00,0.00,3500.00,Operating Costs & Rent - M3,,FALSE
JNL1043,3,2024-09-28,ENT001,100,0.00,15500.00,-15500.00,Operating Costs & Rent - M3,,FALSE
JNL1044,1,2024-09-15,ENT002,100,288400.00,0.00,288400.00,Food Retailing Sales - M3,,FALSE
JNL1044,2,2024-09-15,ENT002,600,0.00,288400.00,-288400.00,Food Retailing Sales - M3,,FALSE
JNL1045,1,2024-09-15,ENT002,700,167272.00,0.00,167272.00,Produce Inventory Purchase - M3,,FALSE
JNL1045,2,2024-09-15,ENT002,100,0.00,167272.00,-167272.00,Produce Inventory Purchase - M3,,FALSE
JNL1046,1,2024-09-28,ENT002,800,46350.00,0.00,46350.00,Monthly Payroll - M3,,FALSE
JNL1046,2,2024-09-28,ENT002,805,5562.00,0.00,5562.00,Monthly Payroll - M3,,FALSE
JNL1046,3,2024-09-28,ENT002,100,0.00,46350.00,-46350.00,Monthly Payroll - M3,,FALSE
JNL1046,4,2024-09-28,ENT002,330,0.00,5562.00,-5562.00,Monthly Payroll - M3,,FALSE
JNL1047,1,2024-09-28,ENT002,820,8500.00,0.00,8500.00,Store Operating Costs - M3,,FALSE
JNL1047,2,2024-09-28,ENT002,810,4200.00,0.00,4200.00,Store Operating Costs - M3,,FALSE
JNL1047,3,2024-09-28,ENT002,100,0.00,12700.00,-12700.00,Store Operating Costs - M3,,FALSE
JNL1048,1,2024-09-15,ENT003,110,195700.00,0.00,195700.00,Freight Service Revenue - M3,,FALSE
JNL1048,2,2024-09-15,ENT003,600,0.00,195700.00,-195700.00,Freight Service Revenue - M3,,FALSE
JNL1049,1,2024-09-15,ENT003,710,54796.00,0.00,54796.00,Fleet Fuel & Maintenance - M3,,FALSE
JNL1049,2,2024-09-15,ENT003,810,6500.00,0.00,6500.00,Fleet Fuel & Maintenance - M3,,FALSE
JNL1049,3,2024-09-15,ENT003,100,0.00,61296.00,-61296.00,Fleet Fuel & Maintenance - M3,,FALSE
JNL1050,1,2024-09-28,ENT003,800,61800.00,0.00,61800.00,Driver Payroll - M3,,FALSE
JNL1050,2,2024-09-28,ENT003,805,7416.00,0.00,7416.00,Driver Payroll - M3,,FALSE
JNL1050,3,2024-09-28,ENT003,100,0.00,61800.00,-61800.00,Driver Payroll - M3,,FALSE
JNL1050,4,2024-09-28,ENT003,330,0.00,7416.00,-7416.00,Driver Payroll - M3,,FALSE
JNL1051,1,2024-09-28,ENT003,890,4500.00,0.00,4500.00,Vehicle Depreciation - M3,,FALSE
JNL1051,2,2024-09-28,ENT003,210,0.00,4500.00,-4500.00,Vehicle Depreciation - M3,,FALSE
JNL1052,1,2024-09-15,ENT004,100,25000.00,0.00,25000.00,Property Rent Collection - M3,,FALSE
JNL1052,2,2024-09-15,ENT004,620,0.00,25000.00,-25000.00,Property Rent Collection - M3,,FALSE
JNL1053,1,2024-09-28,ENT004,895,5200.00,0.00,5200.00,Bank Facility Interest - M3,,FALSE
JNL1053,2,2024-09-28,ENT004,100,0.00,5200.00,-5200.00,Bank Facility Interest - M3,,FALSE
JNL1054,1,2024-09-28,ENT001,180,16000.00,0.00,16000.00,Intercompany Management Fees Charged,GROUP,TRUE
JNL1054,2,2024-09-28,ENT001,650,0.00,16000.00,-16000.00,Intercompany Management Fees Charged,GROUP,TRUE
JNL1055,1,2024-09-28,ENT002,880,10000.00,0.00,10000.00,Intercompany Management Fee Incurred,ENT001,TRUE
JNL1055,2,2024-09-28,ENT002,380,0.00,10000.00,-10000.00,Intercompany Management Fee Incurred,ENT001,TRUE
JNL1056,1,2024-09-28,ENT003,880,6000.00,0.00,6000.00,Intercompany Management Fee Incurred,ENT001,TRUE
JNL1056,2,2024-09-28,ENT003,380,0.00,6000.00,-6000.00,Intercompany Management Fee Incurred,ENT001,TRUE
JNL1057,1,2024-09-28,ENT003,180,8500.00,0.00,8500.00,Internal Logistics Billed to Draynor,ENT002,TRUE
JNL1057,2,2024-09-28,ENT003,600,0.00,8500.00,-8500.00,Internal Logistics Billed to Draynor,ENT002,TRUE
JNL1058,1,2024-09-28,ENT002,750,8500.00,0.00,8500.00,Intercompany Freight Costs,ENT003,TRUE
JNL1058,2,2024-09-28,ENT002,380,0.00,8500.00,-8500.00,Intercompany Freight Costs,ENT003,TRUE
JNL1059,1,2024-10-15,ENT001,110,167200.00,0.00,167200.00,Advisory Billings - M4,,FALSE
JNL1059,2,2024-10-15,ENT001,610,0.00,167200.00,-167200.00,Advisory Billings - M4,,FALSE
JNL1060,1,2024-10-28,ENT001,800,78375.00,0.00,78375.00,Monthly Payroll - M4,,FALSE
JNL1060,2,2024-10-28,ENT001,805,9405.00,0.00,9405.00,Monthly Payroll - M4,,FALSE
JNL1060,3,2024-10-28,ENT001,100,0.00,78375.00,-78375.00,Monthly Payroll - M4,,FALSE
JNL1060,4,2024-10-28,ENT001,330,0.00,9405.00,-9405.00,Monthly Payroll - M4,,FALSE
JNL1061,1,2024-10-28,ENT001,820,12000.00,0.00,12000.00,Operating Costs & Rent - M4,,FALSE
JNL1061,2,2024-10-28,ENT001,830,3500.00,0.00,3500.00,Operating Costs & Rent - M4,,FALSE
JNL1061,3,2024-10-28,ENT001,100,0.00,15500.00,-15500.00,Operating Costs & Rent - M4,,FALSE
JNL1062,1,2024-10-15,ENT002,100,292600.00,0.00,292600.00,Food Retailing Sales - M4,,FALSE
JNL1062,2,2024-10-15,ENT002,600,0.00,292600.00,-292600.00,Food Retailing Sales - M4,,FALSE
JNL1063,1,2024-10-15,ENT002,700,169708.00,0.00,169708.00,Produce Inventory Purchase - M4,,FALSE
JNL1063,2,2024-10-15,ENT002,100,0.00,169708.00,-169708.00,Produce Inventory Purchase - M4,,FALSE
JNL1064,1,2024-10-28,ENT002,800,47025.00,0.00,47025.00,Monthly Payroll - M4,,FALSE
JNL1064,2,2024-10-28,ENT002,805,5643.00,0.00,5643.00,Monthly Payroll - M4,,FALSE
JNL1064,3,2024-10-28,ENT002,100,0.00,47025.00,-47025.00,Monthly Payroll - M4,,FALSE
JNL1064,4,2024-10-28,ENT002,330,0.00,5643.00,-5643.00,Monthly Payroll - M4,,FALSE
JNL1065,1,2024-10-28,ENT002,820,8500.00,0.00,8500.00,Store Operating Costs - M4,,FALSE
JNL1065,2,2024-10-28,ENT002,810,4200.00,0.00,4200.00,Store Operating Costs - M4,,FALSE
JNL1065,3,2024-10-28,ENT002,100,0.00,12700.00,-12700.00,Store Operating Costs - M4,,FALSE
JNL1066,1,2024-10-15,ENT003,110,198550.00,0.00,198550.00,Freight Service Revenue - M4,,FALSE
JNL1066,2,2024-10-15,ENT003,600,0.00,198550.00,-198550.00,Freight Service Revenue - M4,,FALSE
JNL1067,1,2024-10-15,ENT003,710,55594.00,0.00,55594.00,Fleet Fuel & Maintenance - M4,,FALSE
JNL1067,2,2024-10-15,ENT003,810,6500.00,0.00,6500.00,Fleet Fuel & Maintenance - M4,,FALSE
JNL1067,3,2024-10-15,ENT003,100,0.00,62094.00,-62094.00,Fleet Fuel & Maintenance - M4,,FALSE
JNL1068,1,2024-10-28,ENT003,800,62700.00,0.00,62700.00,Driver Payroll - M4,,FALSE
JNL1068,2,2024-10-28,ENT003,805,7524.00,0.00,7524.00,Driver Payroll - M4,,FALSE
JNL1068,3,2024-10-28,ENT003,100,0.00,62700.00,-62700.00,Driver Payroll - M4,,FALSE
JNL1068,4,2024-10-28,ENT003,330,0.00,7524.00,-7524.00,Driver Payroll - M4,,FALSE
JNL1069,1,2024-10-28,ENT003,890,4500.00,0.00,4500.00,Vehicle Depreciation - M4,,FALSE
JNL1069,2,2024-10-28,ENT003,210,0.00,4500.00,-4500.00,Vehicle Depreciation - M4,,FALSE
JNL1070,1,2024-10-15,ENT004,100,25000.00,0.00,25000.00,Property Rent Collection - M4,,FALSE
JNL1070,2,2024-10-15,ENT004,620,0.00,25000.00,-25000.00,Property Rent Collection - M4,,FALSE
JNL1071,1,2024-10-28,ENT004,895,5200.00,0.00,5200.00,Bank Facility Interest - M4,,FALSE
JNL1071,2,2024-10-28,ENT004,100,0.00,5200.00,-5200.00,Bank Facility Interest - M4,,FALSE
JNL1072,1,2024-10-28,ENT001,180,16000.00,0.00,16000.00,Intercompany Management Fees Charged,GROUP,TRUE
JNL1072,2,2024-10-28,ENT001,650,0.00,16000.00,-16000.00,Intercompany Management Fees Charged,GROUP,TRUE
JNL1073,1,2024-10-28,ENT002,880,10000.00,0.00,10000.00,Intercompany Management Fee Incurred,ENT001,TRUE
JNL1073,2,2024-10-28,ENT002,380,0.00,10000.00,-10000.00,Intercompany Management Fee Incurred,ENT001,TRUE
JNL1074,1,2024-10-28,ENT003,880,6000.00,0.00,6000.00,Intercompany Management Fee Incurred,ENT001,TRUE
JNL1074,2,2024-10-28,ENT003,380,0.00,6000.00,-6000.00,Intercompany Management Fee Incurred,ENT001,TRUE
JNL1075,1,2024-10-28,ENT003,180,8500.00,0.00,8500.00,Internal Logistics Billed to Draynor,ENT002,TRUE
JNL1075,2,2024-10-28,ENT003,600,0.00,8500.00,-8500.00,Internal Logistics Billed to Draynor,ENT002,TRUE
JNL1076,1,2024-10-28,ENT002,750,8500.00,0.00,8500.00,Intercompany Freight Costs,ENT003,TRUE
JNL1076,2,2024-10-28,ENT002,380,0.00,8500.00,-8500.00,Intercompany Freight Costs,ENT003,TRUE
JNL1077,1,2024-11-15,ENT001,110,169600.00,0.00,169600.00,Advisory Billings - M5,,FALSE
JNL1077,2,2024-11-15,ENT001,610,0.00,169600.00,-169600.00,Advisory Billings - M5,,FALSE
JNL1078,1,2024-11-28,ENT001,800,79500.00,0.00,79500.00,Monthly Payroll - M5,,FALSE
JNL1078,2,2024-11-28,ENT001,805,9540.00,0.00,9540.00,Monthly Payroll - M5,,FALSE
JNL1078,3,2024-11-28,ENT001,100,0.00,79500.00,-79500.00,Monthly Payroll - M5,,FALSE
JNL1078,4,2024-11-28,ENT001,330,0.00,9540.00,-9540.00,Monthly Payroll - M5,,FALSE
JNL1079,1,2024-11-28,ENT001,820,12000.00,0.00,12000.00,Operating Costs & Rent - M5,,FALSE
JNL1079,2,2024-11-28,ENT001,830,3500.00,0.00,3500.00,Operating Costs & Rent - M5,,FALSE
JNL1079,3,2024-11-28,ENT001,100,0.00,15500.00,-15500.00,Operating Costs & Rent - M5,,FALSE
JNL1080,1,2024-11-15,ENT002,100,296800.00,0.00,296800.00,Food Retailing Sales - M5,,FALSE
JNL1080,2,2024-11-15,ENT002,600,0.00,296800.00,-296800.00,Food Retailing Sales - M5,,FALSE
JNL1081,1,2024-11-15,ENT002,700,172144.00,0.00,172144.00,Produce Inventory Purchase - M5,,FALSE
JNL1081,2,2024-11-15,ENT002,100,0.00,172144.00,-172144.00,Produce Inventory Purchase - M5,,FALSE
JNL1082,1,2024-11-28,ENT002,800,47700.00,0.00,47700.00,Monthly Payroll - M5,,FALSE
JNL1082,2,2024-11-28,ENT002,805,5724.00,0.00,5724.00,Monthly Payroll - M5,,FALSE
JNL1082,3,2024-11-28,ENT002,100,0.00,47700.00,-47700.00,Monthly Payroll - M5,,FALSE
JNL1082,4,2024-11-28,ENT002,330,0.00,5724.00,-5724.00,Monthly Payroll - M5,,FALSE
JNL1083,1,2024-11-28,ENT002,820,8500.00,0.00,8500.00,Store Operating Costs - M5,,FALSE
JNL1083,2,2024-11-28,ENT002,810,4200.00,0.00,4200.00,Store Operating Costs - M5,,FALSE
JNL1083,3,2024-11-28,ENT002,100,0.00,12700.00,-12700.00,Store Operating Costs - M5,,FALSE
JNL1084,1,2024-11-15,ENT003,110,201400.00,0.00,201400.00,Freight Service Revenue - M5,,FALSE
JNL1084,2,2024-11-15,ENT003,600,0.00,201400.00,-201400.00,Freight Service Revenue - M5,,FALSE
JNL1085,1,2024-11-15,ENT003,710,56392.00,0.00,56392.00,Fleet Fuel & Maintenance - M5,,FALSE
JNL1085,2,2024-11-15,ENT003,810,6500.00,0.00,6500.00,Fleet Fuel & Maintenance - M5,,FALSE
JNL1085,3,2024-11-15,ENT003,100,0.00,62892.00,-62892.00,Fleet Fuel & Maintenance - M5,,FALSE
JNL1086,1,2024-11-28,ENT003,800,63600.00,0.00,63600.00,Driver Payroll - M5,,FALSE
JNL1086,2,2024-11-28,ENT003,805,7632.00,0.00,7632.00,Driver Payroll - M5,,FALSE
JNL1086,3,2024-11-28,ENT003,100,0.00,63600.00,-63600.00,Driver Payroll - M5,,FALSE
JNL1086,4,2024-11-28,ENT003,330,0.00,7632.00,-7632.00,Driver Payroll - M5,,FALSE
JNL1087,1,2024-11-28,ENT003,890,4500.00,0.00,4500.00,Vehicle Depreciation - M5,,FALSE
JNL1087,2,2024-11-28,ENT003,210,0.00,4500.00,-4500.00,Vehicle Depreciation - M5,,FALSE
JNL1088,1,2024-11-15,ENT004,100,25000.00,0.00,25000.00,Property Rent Collection - M5,,FALSE
JNL1088,2,2024-11-15,ENT004,620,0.00,25000.00,-25000.00,Property Rent Collection - M5,,FALSE
JNL1089,1,2024-11-28,ENT004,895,5200.00,0.00,5200.00,Bank Facility Interest - M5,,FALSE
JNL1089,2,2024-11-28,ENT004,100,0.00,5200.00,-5200.00,Bank Facility Interest - M5,,FALSE
JNL1090,1,2024-11-28,ENT001,180,16000.00,0.00,16000.00,Intercompany Management Fees Charged,GROUP,TRUE
JNL1090,2,2024-11-28,ENT001,650,0.00,16000.00,-16000.00,Intercompany Management Fees Charged,GROUP,TRUE
JNL1091,1,2024-11-28,ENT002,880,10000.00,0.00,10000.00,Intercompany Management Fee Incurred,ENT001,TRUE
JNL1091,2,2024-11-28,ENT002,380,0.00,10000.00,-10000.00,Intercompany Management Fee Incurred,ENT001,TRUE
JNL1092,1,2024-11-28,ENT003,880,6000.00,0.00,6000.00,Intercompany Management Fee Incurred,ENT001,TRUE
JNL1092,2,2024-11-28,ENT003,380,0.00,6000.00,-6000.00,Intercompany Management Fee Incurred,ENT001,TRUE
JNL1093,1,2024-11-28,ENT003,180,8500.00,0.00,8500.00,Internal Logistics Billed to Draynor,ENT002,TRUE
JNL1093,2,2024-11-28,ENT003,600,0.00,8500.00,-8500.00,Internal Logistics Billed to Draynor,ENT002,TRUE
JNL1094,1,2024-11-28,ENT002,750,8500.00,0.00,8500.00,Intercompany Freight Costs,ENT003,TRUE
JNL1094,2,2024-11-28,ENT002,380,0.00,8500.00,-8500.00,Intercompany Freight Costs,ENT003,TRUE
JNL1095,1,2024-12-15,ENT001,110,172000.00,0.00,172000.00,Advisory Billings - M6,,FALSE
JNL1095,2,2024-12-15,ENT001,610,0.00,172000.00,-172000.00,Advisory Billings - M6,,FALSE
JNL1096,1,2024-12-28,ENT001,800,80625.00,0.00,80625.00,Monthly Payroll - M6,,FALSE
JNL1096,2,2024-12-28,ENT001,805,9675.00,0.00,9675.00,Monthly Payroll - M6,,FALSE
JNL1096,3,2024-12-28,ENT001,100,0.00,80625.00,-80625.00,Monthly Payroll - M6,,FALSE
JNL1096,4,2024-12-28,ENT001,330,0.00,9675.00,-9675.00,Monthly Payroll - M6,,FALSE
JNL1097,1,2024-12-28,ENT001,820,12000.00,0.00,12000.00,Operating Costs & Rent - M6,,FALSE
JNL1097,2,2024-12-28,ENT001,830,3500.00,0.00,3500.00,Operating Costs & Rent - M6,,FALSE
JNL1097,3,2024-12-28,ENT001,100,0.00,15500.00,-15500.00,Operating Costs & Rent - M6,,FALSE
JNL1098,1,2024-12-15,ENT002,100,301000.00,0.00,301000.00,Food Retailing Sales - M6,,FALSE
JNL1098,2,2024-12-15,ENT002,600,0.00,301000.00,-301000.00,Food Retailing Sales - M6,,FALSE
JNL1099,1,2024-12-15,ENT002,700,174580.00,0.00,174580.00,Produce Inventory Purchase - M6,,FALSE
JNL1099,2,2024-12-15,ENT002,100,0.00,174580.00,-174580.00,Produce Inventory Purchase - M6,,FALSE
JNL1100,1,2024-12-28,ENT002,800,48375.00,0.00,48375.00,Monthly Payroll - M6,,FALSE
JNL1100,2,2024-12-28,ENT002,805,5805.00,0.00,5805.00,Monthly Payroll - M6,,FALSE
JNL1100,3,2024-12-28,ENT002,100,0.00,48375.00,-48375.00,Monthly Payroll - M6,,FALSE
JNL1100,4,2024-12-28,ENT002,330,0.00,5805.00,-5805.00,Monthly Payroll - M6,,FALSE
JNL1101,1,2024-12-28,ENT002,820,8500.00,0.00,8500.00,Store Operating Costs - M6,,FALSE
JNL1101,2,2024-12-28,ENT002,810,4200.00,0.00,4200.00,Store Operating Costs - M6,,FALSE
JNL1101,3,2024-12-28,ENT002,100,0.00,12700.00,-12700.00,Store Operating Costs - M6,,FALSE
JNL1102,1,2024-12-15,ENT003,110,204250.00,0.00,204250.00,Freight Service Revenue - M6,,FALSE
JNL1102,2,2024-12-15,ENT003,600,0.00,204250.00,-204250.00,Freight Service Revenue - M6,,FALSE
JNL1103,1,2024-12-15,ENT003,710,57190.00,0.00,57190.00,Fleet Fuel & Maintenance - M6,,FALSE
JNL1103,2,2024-12-15,ENT003,810,6500.00,0.00,6500.00,Fleet Fuel & Maintenance - M6,,FALSE
JNL1103,3,2024-12-15,ENT003,100,0.00,63690.00,-63690.00,Fleet Fuel & Maintenance - M6,,FALSE
JNL1104,1,2024-12-28,ENT003,800,64500.00,0.00,64500.00,Driver Payroll - M6,,FALSE
JNL1104,2,2024-12-28,ENT003,805,7740.00,0.00,7740.00,Driver Payroll - M6,,FALSE
JNL1104,3,2024-12-28,ENT003,100,0.00,64500.00,-64500.00,Driver Payroll - M6,,FALSE
JNL1104,4,2024-12-28,ENT003,330,0.00,7740.00,-7740.00,Driver Payroll - M6,,FALSE
JNL1105,1,2024-12-28,ENT003,890,4500.00,0.00,4500.00,Vehicle Depreciation - M6,,FALSE
JNL1105,2,2024-12-28,ENT003,210,0.00,4500.00,-4500.00,Vehicle Depreciation - M6,,FALSE
JNL1106,1,2024-12-15,ENT004,100,25000.00,0.00,25000.00,Property Rent Collection - M6,,FALSE
JNL1106,2,2024-12-15,ENT004,620,0.00,25000.00,-25000.00,Property Rent Collection - M6,,FALSE
JNL1107,1,2024-12-28,ENT004,895,5200.00,0.00,5200.00,Bank Facility Interest - M6,,FALSE
JNL1107,2,2024-12-28,ENT004,100,0.00,5200.00,-5200.00,Bank Facility Interest - M6,,FALSE
JNL1108,1,2024-12-28,ENT001,180,16000.00,0.00,16000.00,Intercompany Management Fees Charged,GROUP,TRUE
JNL1108,2,2024-12-28,ENT001,650,0.00,16000.00,-16000.00,Intercompany Management Fees Charged,GROUP,TRUE
JNL1109,1,2024-12-28,ENT002,880,10000.00,0.00,10000.00,Intercompany Management Fee Incurred,ENT001,TRUE
JNL1109,2,2024-12-28,ENT002,380,0.00,10000.00,-10000.00,Intercompany Management Fee Incurred,ENT001,TRUE
JNL1110,1,2024-12-28,ENT003,880,6000.00,0.00,6000.00,Intercompany Management Fee Incurred,ENT001,TRUE
JNL1110,2,2024-12-28,ENT003,380,0.00,6000.00,-6000.00,Intercompany Management Fee Incurred,ENT001,TRUE
JNL1111,1,2024-12-28,ENT003,180,8500.00,0.00,8500.00,Internal Logistics Billed to Draynor,ENT002,TRUE
JNL1111,2,2024-12-28,ENT003,600,0.00,8500.00,-8500.00,Internal Logistics Billed to Draynor,ENT002,TRUE
JNL1112,1,2024-12-28,ENT002,750,8500.00,0.00,8500.00,Intercompany Freight Costs,ENT003,TRUE
JNL1112,2,2024-12-28,ENT002,380,0.00,8500.00,-8500.00,Intercompany Freight Costs,ENT003,TRUE
JNL1113,1,2025-01-15,ENT001,110,174400.00,0.00,174400.00,Advisory Billings - M7,,FALSE
JNL1113,2,2025-01-15,ENT001,610,0.00,174400.00,-174400.00,Advisory Billings - M7,,FALSE
JNL1114,1,2025-01-28,ENT001,800,81750.00,0.00,81750.00,Monthly Payroll - M7,,FALSE
JNL1114,2,2025-01-28,ENT001,805,9810.00,0.00,9810.00,Monthly Payroll - M7,,FALSE
JNL1114,3,2025-01-28,ENT001,100,0.00,81750.00,-81750.00,Monthly Payroll - M7,,FALSE
JNL1114,4,2025-01-28,ENT001,330,0.00,9810.00,-9810.00,Monthly Payroll - M7,,FALSE
JNL1115,1,2025-01-28,ENT001,820,12000.00,0.00,12000.00,Operating Costs & Rent - M7,,FALSE
JNL1115,2,2025-01-28,ENT001,830,3500.00,0.00,3500.00,Operating Costs & Rent - M7,,FALSE
JNL1115,3,2025-01-28,ENT001,100,0.00,15500.00,-15500.00,Operating Costs & Rent - M7,,FALSE
JNL1116,1,2025-01-15,ENT002,100,305200.00,0.00,305200.00,Food Retailing Sales - M7,,FALSE
JNL1116,2,2025-01-15,ENT002,600,0.00,305200.00,-305200.00,Food Retailing Sales - M7,,FALSE
JNL1117,1,2025-01-15,ENT002,700,177016.00,0.00,177016.00,Produce Inventory Purchase - M7,,FALSE
JNL1117,2,2025-01-15,ENT002,100,0.00,177016.00,-177016.00,Produce Inventory Purchase - M7,,FALSE
JNL1118,1,2025-01-28,ENT002,800,49050.00,0.00,49050.00,Monthly Payroll - M7,,FALSE
JNL1118,2,2025-01-28,ENT002,805,5886.00,0.00,5886.00,Monthly Payroll - M7,,FALSE
JNL1118,3,2025-01-28,ENT002,100,0.00,49050.00,-49050.00,Monthly Payroll - M7,,FALSE
JNL1118,4,2025-01-28,ENT002,330,0.00,5886.00,-5886.00,Monthly Payroll - M7,,FALSE
JNL1119,1,2025-01-28,ENT002,820,8500.00,0.00,8500.00,Store Operating Costs - M7,,FALSE
JNL1119,2,2025-01-28,ENT002,810,4200.00,0.00,4200.00,Store Operating Costs - M7,,FALSE
JNL1119,3,2025-01-28,ENT002,100,0.00,12700.00,-12700.00,Store Operating Costs - M7,,FALSE
JNL1120,1,2025-01-15,ENT003,110,207100.00,0.00,207100.00,Freight Service Revenue - M7,,FALSE
JNL1120,2,2025-01-15,ENT003,600,0.00,207100.00,-207100.00,Freight Service Revenue - M7,,FALSE
JNL1121,1,2025-01-15,ENT003,710,57988.00,0.00,57988.00,Fleet Fuel & Maintenance - M7,,FALSE
JNL1121,2,2025-01-15,ENT003,810,6500.00,0.00,6500.00,Fleet Fuel & Maintenance - M7,,FALSE
JNL1121,3,2025-01-15,ENT003,100,0.00,64488.00,-64488.00,Fleet Fuel & Maintenance - M7,,FALSE
JNL1122,1,2025-01-28,ENT003,800,65400.00,0.00,65400.00,Driver Payroll - M7,,FALSE
JNL1122,2,2025-01-28,ENT003,805,7848.00,0.00,7848.00,Driver Payroll - M7,,FALSE
JNL1122,3,2025-01-28,ENT003,100,0.00,65400.00,-65400.00,Driver Payroll - M7,,FALSE
JNL1122,4,2025-01-28,ENT003,330,0.00,7848.00,-7848.00,Driver Payroll - M7,,FALSE
JNL1123,1,2025-01-28,ENT003,890,4500.00,0.00,4500.00,Vehicle Depreciation - M7,,FALSE
JNL1123,2,2025-01-28,ENT003,210,0.00,4500.00,-4500.00,Vehicle Depreciation - M7,,FALSE
JNL1124,1,2025-01-15,ENT004,100,25000.00,0.00,25000.00,Property Rent Collection - M7,,FALSE
JNL1124,2,2025-01-15,ENT004,620,0.00,25000.00,-25000.00,Property Rent Collection - M7,,FALSE
JNL1125,1,2025-01-28,ENT004,895,5200.00,0.00,5200.00,Bank Facility Interest - M7,,FALSE
JNL1125,2,2025-01-28,ENT004,100,0.00,5200.00,-5200.00,Bank Facility Interest - M7,,FALSE
JNL1126,1,2025-01-28,ENT001,180,16000.00,0.00,16000.00,Intercompany Management Fees Charged,GROUP,TRUE
JNL1126,2,2025-01-28,ENT001,650,0.00,16000.00,-16000.00,Intercompany Management Fees Charged,GROUP,TRUE
JNL1127,1,2025-01-28,ENT002,880,10000.00,0.00,10000.00,Intercompany Management Fee Incurred,ENT001,TRUE
JNL1127,2,2025-01-28,ENT002,380,0.00,10000.00,-10000.00,Intercompany Management Fee Incurred,ENT001,TRUE
JNL1128,1,2025-01-28,ENT003,880,6000.00,0.00,6000.00,Intercompany Management Fee Incurred,ENT001,TRUE
JNL1128,2,2025-01-28,ENT003,380,0.00,6000.00,-6000.00,Intercompany Management Fee Incurred,ENT001,TRUE
JNL1129,1,2025-01-28,ENT003,180,8500.00,0.00,8500.00,Internal Logistics Billed to Draynor,ENT002,TRUE
JNL1129,2,2025-01-28,ENT003,600,0.00,8500.00,-8500.00,Internal Logistics Billed to Draynor,ENT002,TRUE
JNL1130,1,2025-01-28,ENT002,750,8500.00,0.00,8500.00,Intercompany Freight Costs,ENT003,TRUE
JNL1130,2,2025-01-28,ENT002,380,0.00,8500.00,-8500.00,Intercompany Freight Costs,ENT003,TRUE
JNL1131,1,2025-02-15,ENT001,110,176800.00,0.00,176800.00,Advisory Billings - M8,,FALSE
JNL1131,2,2025-02-15,ENT001,610,0.00,176800.00,-176800.00,Advisory Billings - M8,,FALSE
JNL1132,1,2025-02-28,ENT001,800,82875.00,0.00,82875.00,Monthly Payroll - M8,,FALSE
JNL1132,2,2025-02-28,ENT001,805,9945.00,0.00,9945.00,Monthly Payroll - M8,,FALSE
JNL1132,3,2025-02-28,ENT001,100,0.00,82875.00,-82875.00,Monthly Payroll - M8,,FALSE
JNL1132,4,2025-02-28,ENT001,330,0.00,9945.00,-9945.00,Monthly Payroll - M8,,FALSE
JNL1133,1,2025-02-28,ENT001,820,12000.00,0.00,12000.00,Operating Costs & Rent - M8,,FALSE
JNL1133,2,2025-02-28,ENT001,830,3500.00,0.00,3500.00,Operating Costs & Rent - M8,,FALSE
JNL1133,3,2025-02-28,ENT001,100,0.00,15500.00,-15500.00,Operating Costs & Rent - M8,,FALSE
JNL1134,1,2025-02-15,ENT002,100,309400.00,0.00,309400.00,Food Retailing Sales - M8,,FALSE
JNL1134,2,2025-02-15,ENT002,600,0.00,309400.00,-309400.00,Food Retailing Sales - M8,,FALSE
JNL1135,1,2025-02-15,ENT002,700,179452.00,0.00,179452.00,Produce Inventory Purchase - M8,,FALSE
JNL1135,2,2025-02-15,ENT002,100,0.00,179452.00,-179452.00,Produce Inventory Purchase - M8,,FALSE
JNL1136,1,2025-02-28,ENT002,800,49725.00,0.00,49725.00,Monthly Payroll - M8,,FALSE
JNL1136,2,2025-02-28,ENT002,805,5967.00,0.00,5967.00,Monthly Payroll - M8,,FALSE
JNL1136,3,2025-02-28,ENT002,100,0.00,49725.00,-49725.00,Monthly Payroll - M8,,FALSE
JNL1136,4,2025-02-28,ENT002,330,0.00,5967.00,-5967.00,Monthly Payroll - M8,,FALSE
JNL1137,1,2025-02-28,ENT002,820,8500.00,0.00,8500.00,Store Operating Costs - M8,,FALSE
JNL1137,2,2025-02-28,ENT002,810,4200.00,0.00,4200.00,Store Operating Costs - M8,,FALSE
JNL1137,3,2025-02-28,ENT002,100,0.00,12700.00,-12700.00,Store Operating Costs - M8,,FALSE
JNL1138,1,2025-02-15,ENT003,110,209950.00,0.00,209950.00,Freight Service Revenue - M8,,FALSE
JNL1138,2,2025-02-15,ENT003,600,0.00,209950.00,-209950.00,Freight Service Revenue - M8,,FALSE
JNL1139,1,2025-02-15,ENT003,710,58786.00,0.00,58786.00,Fleet Fuel & Maintenance - M8,,FALSE
JNL1139,2,2025-02-15,ENT003,810,6500.00,0.00,6500.00,Fleet Fuel & Maintenance - M8,,FALSE
JNL1139,3,2025-02-15,ENT003,100,0.00,65286.00,-65286.00,Fleet Fuel & Maintenance - M8,,FALSE
JNL1140,1,2025-02-28,ENT003,800,66300.00,0.00,66300.00,Driver Payroll - M8,,FALSE
JNL1140,2,2025-02-28,ENT003,805,7956.00,0.00,7956.00,Driver Payroll - M8,,FALSE
JNL1140,3,2025-02-28,ENT003,100,0.00,66300.00,-66300.00,Driver Payroll - M8,,FALSE
JNL1140,4,2025-02-28,ENT003,330,0.00,7956.00,-7956.00,Driver Payroll - M8,,FALSE
JNL1141,1,2025-02-28,ENT003,890,4500.00,0.00,4500.00,Vehicle Depreciation - M8,,FALSE
JNL1141,2,2025-02-28,ENT003,210,0.00,4500.00,-4500.00,Vehicle Depreciation - M8,,FALSE
JNL1142,1,2025-02-15,ENT004,100,25000.00,0.00,25000.00,Property Rent Collection - M8,,FALSE
JNL1142,2,2025-02-15,ENT004,620,0.00,25000.00,-25000.00,Property Rent Collection - M8,,FALSE
JNL1143,1,2025-02-28,ENT004,895,5200.00,0.00,5200.00,Bank Facility Interest - M8,,FALSE
JNL1143,2,2025-02-28,ENT004,100,0.00,5200.00,-5200.00,Bank Facility Interest - M8,,FALSE
JNL1144,1,2025-02-28,ENT001,180,16000.00,0.00,16000.00,Intercompany Management Fees Charged,GROUP,TRUE
JNL1144,2,2025-02-28,ENT001,650,0.00,16000.00,-16000.00,Intercompany Management Fees Charged,GROUP,TRUE
JNL1145,1,2025-02-28,ENT002,880,10000.00,0.00,10000.00,Intercompany Management Fee Incurred,ENT001,TRUE
JNL1145,2,2025-02-28,ENT002,380,0.00,10000.00,-10000.00,Intercompany Management Fee Incurred,ENT001,TRUE
JNL1146,1,2025-02-28,ENT003,880,6000.00,0.00,6000.00,Intercompany Management Fee Incurred,ENT001,TRUE
JNL1146,2,2025-02-28,ENT003,380,0.00,6000.00,-6000.00,Intercompany Management Fee Incurred,ENT001,TRUE
JNL1147,1,2025-02-28,ENT003,180,8500.00,0.00,8500.00,Internal Logistics Billed to Draynor,ENT002,TRUE
JNL1147,2,2025-02-28,ENT003,600,0.00,8500.00,-8500.00,Internal Logistics Billed to Draynor,ENT002,TRUE
JNL1148,1,2025-02-28,ENT002,750,8500.00,0.00,8500.00,Intercompany Freight Costs,ENT003,TRUE
JNL1148,2,2025-02-28,ENT002,380,0.00,8500.00,-8500.00,Intercompany Freight Costs,ENT003,TRUE
JNL1149,1,2025-03-15,ENT001,110,179200.00,0.00,179200.00,Advisory Billings - M9,,FALSE
JNL1149,2,2025-03-15,ENT001,610,0.00,179200.00,-179200.00,Advisory Billings - M9,,FALSE
JNL1150,1,2025-03-28,ENT001,800,84000.00,0.00,84000.00,Monthly Payroll - M9,,FALSE
JNL1150,2,2025-03-28,ENT001,805,10080.00,0.00,10080.00,Monthly Payroll - M9,,FALSE
JNL1150,3,2025-03-28,ENT001,100,0.00,84000.00,-84000.00,Monthly Payroll - M9,,FALSE
JNL1150,4,2025-03-28,ENT001,330,0.00,10080.00,-10080.00,Monthly Payroll - M9,,FALSE
JNL1151,1,2025-03-28,ENT001,820,12000.00,0.00,12000.00,Operating Costs & Rent - M9,,FALSE
JNL1151,2,2025-03-28,ENT001,830,3500.00,0.00,3500.00,Operating Costs & Rent - M9,,FALSE
JNL1151,3,2025-03-28,ENT001,100,0.00,15500.00,-15500.00,Operating Costs & Rent - M9,,FALSE
JNL1152,1,2025-03-15,ENT002,100,313600.00,0.00,313600.00,Food Retailing Sales - M9,,FALSE
JNL1152,2,2025-03-15,ENT002,600,0.00,313600.00,-313600.00,Food Retailing Sales - M9,,FALSE
JNL1153,1,2025-03-15,ENT002,700,181888.00,0.00,181888.00,Produce Inventory Purchase - M9,,FALSE
JNL1153,2,2025-03-15,ENT002,100,0.00,181888.00,-181888.00,Produce Inventory Purchase - M9,,FALSE
JNL1154,1,2025-03-28,ENT002,800,50400.00,0.00,50400.00,Monthly Payroll - M9,,FALSE
JNL1154,2,2025-03-28,ENT002,805,6048.00,0.00,6048.00,Monthly Payroll - M9,,FALSE
JNL1154,3,2025-03-28,ENT002,100,0.00,50400.00,-50400.00,Monthly Payroll - M9,,FALSE
JNL1154,4,2025-03-28,ENT002,330,0.00,6048.00,-6048.00,Monthly Payroll - M9,,FALSE
JNL1155,1,2025-03-28,ENT002,820,8500.00,0.00,8500.00,Store Operating Costs - M9,,FALSE
JNL1155,2,2025-03-28,ENT002,810,4200.00,0.00,4200.00,Store Operating Costs - M9,,FALSE
JNL1155,3,2025-03-28,ENT002,100,0.00,12700.00,-12700.00,Store Operating Costs - M9,,FALSE
JNL1156,1,2025-03-15,ENT003,110,212800.00,0.00,212800.00,Freight Service Revenue - M9,,FALSE
JNL1156,2,2025-03-15,ENT003,600,0.00,212800.00,-212800.00,Freight Service Revenue - M9,,FALSE
JNL1157,1,2025-03-15,ENT003,710,59584.00,0.00,59584.00,Fleet Fuel & Maintenance - M9,,FALSE
JNL1157,2,2025-03-15,ENT003,810,6500.00,0.00,6500.00,Fleet Fuel & Maintenance - M9,,FALSE
JNL1157,3,2025-03-15,ENT003,100,0.00,66084.00,-66084.00,Fleet Fuel & Maintenance - M9,,FALSE
JNL1158,1,2025-03-28,ENT003,800,67200.00,0.00,67200.00,Driver Payroll - M9,,FALSE
JNL1158,2,2025-03-28,ENT003,805,8064.00,0.00,8064.00,Driver Payroll - M9,,FALSE
JNL1158,3,2025-03-28,ENT003,100,0.00,67200.00,-67200.00,Driver Payroll - M9,,FALSE
JNL1158,4,2025-03-28,ENT003,330,0.00,8064.00,-8064.00,Driver Payroll - M9,,FALSE
JNL1159,1,2025-03-28,ENT003,890,4500.00,0.00,4500.00,Vehicle Depreciation - M9,,FALSE
JNL1159,2,2025-03-28,ENT003,210,0.00,4500.00,-4500.00,Vehicle Depreciation - M9,,FALSE
JNL1160,1,2025-03-15,ENT004,100,25000.00,0.00,25000.00,Property Rent Collection - M9,,FALSE
JNL1160,2,2025-03-15,ENT004,620,0.00,25000.00,-25000.00,Property Rent Collection - M9,,FALSE
JNL1161,1,2025-03-28,ENT004,895,5200.00,0.00,5200.00,Bank Facility Interest - M9,,FALSE
JNL1161,2,2025-03-28,ENT004,100,0.00,5200.00,-5200.00,Bank Facility Interest - M9,,FALSE
JNL1162,1,2025-03-28,ENT001,180,16000.00,0.00,16000.00,Intercompany Management Fees Charged,GROUP,TRUE
JNL1162,2,2025-03-28,ENT001,650,0.00,16000.00,-16000.00,Intercompany Management Fees Charged,GROUP,TRUE
JNL1163,1,2025-03-28,ENT002,880,10000.00,0.00,10000.00,Intercompany Management Fee Incurred,ENT001,TRUE
JNL1163,2,2025-03-28,ENT002,380,0.00,10000.00,-10000.00,Intercompany Management Fee Incurred,ENT001,TRUE
JNL1164,1,2025-03-28,ENT003,880,6000.00,0.00,6000.00,Intercompany Management Fee Incurred,ENT001,TRUE
JNL1164,2,2025-03-28,ENT003,380,0.00,6000.00,-6000.00,Intercompany Management Fee Incurred,ENT001,TRUE
JNL1165,1,2025-03-28,ENT003,180,8500.00,0.00,8500.00,Internal Logistics Billed to Draynor,ENT002,TRUE
JNL1165,2,2025-03-28,ENT003,600,0.00,8500.00,-8500.00,Internal Logistics Billed to Draynor,ENT002,TRUE
JNL1166,1,2025-03-28,ENT002,750,8500.00,0.00,8500.00,Intercompany Freight Costs,ENT003,TRUE
JNL1166,2,2025-03-28,ENT002,380,0.00,8500.00,-8500.00,Intercompany Freight Costs,ENT003,TRUE
JNL1167,1,2025-04-15,ENT001,110,181600.00,0.00,181600.00,Advisory Billings - M10,,FALSE
JNL1167,2,2025-04-15,ENT001,610,0.00,181600.00,-181600.00,Advisory Billings - M10,,FALSE
JNL1168,1,2025-04-28,ENT001,800,85125.00,0.00,85125.00,Monthly Payroll - M10,,FALSE
JNL1168,2,2025-04-28,ENT001,805,10215.00,0.00,10215.00,Monthly Payroll - M10,,FALSE
JNL1168,3,2025-04-28,ENT001,100,0.00,85125.00,-85125.00,Monthly Payroll - M10,,FALSE
JNL1168,4,2025-04-28,ENT001,330,0.00,10215.00,-10215.00,Monthly Payroll - M10,,FALSE
JNL1169,1,2025-04-28,ENT001,820,12000.00,0.00,12000.00,Operating Costs & Rent - M10,,FALSE
JNL1169,2,2025-04-28,ENT001,830,3500.00,0.00,3500.00,Operating Costs & Rent - M10,,FALSE
JNL1169,3,2025-04-28,ENT001,100,0.00,15500.00,-15500.00,Operating Costs & Rent - M10,,FALSE
JNL1170,1,2025-04-15,ENT002,100,317800.00,0.00,317800.00,Food Retailing Sales - M10,,FALSE
JNL1170,2,2025-04-15,ENT002,600,0.00,317800.00,-317800.00,Food Retailing Sales - M10,,FALSE
JNL1171,1,2025-04-15,ENT002,700,184324.00,0.00,184324.00,Produce Inventory Purchase - M10,,FALSE
JNL1171,2,2025-04-15,ENT002,100,0.00,184324.00,-184324.00,Produce Inventory Purchase - M10,,FALSE
JNL1172,1,2025-04-28,ENT002,800,51075.00,0.00,51075.00,Monthly Payroll - M10,,FALSE
JNL1172,2,2025-04-28,ENT002,805,6129.00,0.00,6129.00,Monthly Payroll - M10,,FALSE
JNL1172,3,2025-04-28,ENT002,100,0.00,51075.00,-51075.00,Monthly Payroll - M10,,FALSE
JNL1172,4,2025-04-28,ENT002,330,0.00,6129.00,-6129.00,Monthly Payroll - M10,,FALSE
JNL1173,1,2025-04-28,ENT002,820,8500.00,0.00,8500.00,Store Operating Costs - M10,,FALSE
JNL1173,2,2025-04-28,ENT002,810,4200.00,0.00,4200.00,Store Operating Costs - M10,,FALSE
JNL1173,3,2025-04-28,ENT002,100,0.00,12700.00,-12700.00,Store Operating Costs - M10,,FALSE
JNL1174,1,2025-04-15,ENT003,110,215650.00,0.00,215650.00,Freight Service Revenue - M10,,FALSE
JNL1174,2,2025-04-15,ENT003,600,0.00,215650.00,-215650.00,Freight Service Revenue - M10,,FALSE
JNL1175,1,2025-04-15,ENT003,710,60382.00,0.00,60382.00,Fleet Fuel & Maintenance - M10,,FALSE
JNL1175,2,2025-04-15,ENT003,810,6500.00,0.00,6500.00,Fleet Fuel & Maintenance - M10,,FALSE
JNL1175,3,2025-04-15,ENT003,100,0.00,66882.00,-66882.00,Fleet Fuel & Maintenance - M10,,FALSE
JNL1176,1,2025-04-28,ENT003,800,68100.00,0.00,68100.00,Driver Payroll - M10,,FALSE
JNL1176,2,2025-04-28,ENT003,805,8172.00,0.00,8172.00,Driver Payroll - M10,,FALSE
JNL1176,3,2025-04-28,ENT003,100,0.00,68100.00,-68100.00,Driver Payroll - M10,,FALSE
JNL1176,4,2025-04-28,ENT003,330,0.00,8172.00,-8172.00,Driver Payroll - M10,,FALSE
JNL1177,1,2025-04-28,ENT003,890,4500.00,0.00,4500.00,Vehicle Depreciation - M10,,FALSE
JNL1177,2,2025-04-28,ENT003,210,0.00,4500.00,-4500.00,Vehicle Depreciation - M10,,FALSE
JNL1178,1,2025-04-15,ENT004,100,25000.00,0.00,25000.00,Property Rent Collection - M10,,FALSE
JNL1178,2,2025-04-15,ENT004,620,0.00,25000.00,-25000.00,Property Rent Collection - M10,,FALSE
JNL1179,1,2025-04-28,ENT004,895,5200.00,0.00,5200.00,Bank Facility Interest - M10,,FALSE
JNL1179,2,2025-04-28,ENT004,100,0.00,5200.00,-5200.00,Bank Facility Interest - M10,,FALSE
JNL1180,1,2025-04-28,ENT001,180,16000.00,0.00,16000.00,Intercompany Management Fees Charged,GROUP,TRUE
JNL1180,2,2025-04-28,ENT001,650,0.00,16000.00,-16000.00,Intercompany Management Fees Charged,GROUP,TRUE
JNL1181,1,2025-04-28,ENT002,880,10000.00,0.00,10000.00,Intercompany Management Fee Incurred,ENT001,TRUE
JNL1181,2,2025-04-28,ENT002,380,0.00,10000.00,-10000.00,Intercompany Management Fee Incurred,ENT001,TRUE
JNL1182,1,2025-04-28,ENT003,880,6000.00,0.00,6000.00,Intercompany Management Fee Incurred,ENT001,TRUE
JNL1182,2,2025-04-28,ENT003,380,0.00,6000.00,-6000.00,Intercompany Management Fee Incurred,ENT001,TRUE
JNL1183,1,2025-04-28,ENT003,180,8500.00,0.00,8500.00,Internal Logistics Billed to Draynor,ENT002,TRUE
JNL1183,2,2025-04-28,ENT003,600,0.00,8500.00,-8500.00,Internal Logistics Billed to Draynor,ENT002,TRUE
JNL1184,1,2025-04-28,ENT002,750,8500.00,0.00,8500.00,Intercompany Freight Costs,ENT003,TRUE
JNL1184,2,2025-04-28,ENT002,380,0.00,8500.00,-8500.00,Intercompany Freight Costs,ENT003,TRUE
JNL1185,1,2025-05-15,ENT001,110,184000.00,0.00,184000.00,Advisory Billings - M11,,FALSE
JNL1185,2,2025-05-15,ENT001,610,0.00,184000.00,-184000.00,Advisory Billings - M11,,FALSE
JNL1186,1,2025-05-28,ENT001,800,86250.00,0.00,86250.00,Monthly Payroll - M11,,FALSE
JNL1186,2,2025-05-28,ENT001,805,10350.00,0.00,10350.00,Monthly Payroll - M11,,FALSE
JNL1186,3,2025-05-28,ENT001,100,0.00,86250.00,-86250.00,Monthly Payroll - M11,,FALSE
JNL1186,4,2025-05-28,ENT001,330,0.00,10350.00,-10350.00,Monthly Payroll - M11,,FALSE
JNL1187,1,2025-05-28,ENT001,820,12000.00,0.00,12000.00,Operating Costs & Rent - M11,,FALSE
JNL1187,2,2025-05-28,ENT001,830,3500.00,0.00,3500.00,Operating Costs & Rent - M11,,FALSE
JNL1187,3,2025-05-28,ENT001,100,0.00,15500.00,-15500.00,Operating Costs & Rent - M11,,FALSE
JNL1188,1,2025-05-15,ENT002,100,322000.00,0.00,322000.00,Food Retailing Sales - M11,,FALSE
JNL1188,2,2025-05-15,ENT002,600,0.00,322000.00,-322000.00,Food Retailing Sales - M11,,FALSE
JNL1189,1,2025-05-15,ENT002,700,186760.00,0.00,186760.00,Produce Inventory Purchase - M11,,FALSE
JNL1189,2,2025-05-15,ENT002,100,0.00,186760.00,-186760.00,Produce Inventory Purchase - M11,,FALSE
JNL1190,1,2025-05-28,ENT002,800,51750.00,0.00,51750.00,Monthly Payroll - M11,,FALSE
JNL1190,2,2025-05-28,ENT002,805,6210.00,0.00,6210.00,Monthly Payroll - M11,,FALSE
JNL1190,3,2025-05-28,ENT002,100,0.00,51750.00,-51750.00,Monthly Payroll - M11,,FALSE
JNL1190,4,2025-05-28,ENT002,330,0.00,6210.00,-6210.00,Monthly Payroll - M11,,FALSE
JNL1191,1,2025-05-28,ENT002,820,8500.00,0.00,8500.00,Store Operating Costs - M11,,FALSE
JNL1191,2,2025-05-28,ENT002,810,4200.00,0.00,4200.00,Store Operating Costs - M11,,FALSE
JNL1191,3,2025-05-28,ENT002,100,0.00,12700.00,-12700.00,Store Operating Costs - M11,,FALSE
JNL1192,1,2025-05-15,ENT003,110,218500.00,0.00,218500.00,Freight Service Revenue - M11,,FALSE
JNL1192,2,2025-05-15,ENT003,600,0.00,218500.00,-218500.00,Freight Service Revenue - M11,,FALSE
JNL1193,1,2025-05-15,ENT003,710,61180.00,0.00,61180.00,Fleet Fuel & Maintenance - M11,,FALSE
JNL1193,2,2025-05-15,ENT003,810,6500.00,0.00,6500.00,Fleet Fuel & Maintenance - M11,,FALSE
JNL1193,3,2025-05-15,ENT003,100,0.00,67680.00,-67680.00,Fleet Fuel & Maintenance - M11,,FALSE
JNL1194,1,2025-05-28,ENT003,800,69000.00,0.00,69000.00,Driver Payroll - M11,,FALSE
JNL1194,2,2025-05-28,ENT003,805,8280.00,0.00,8280.00,Driver Payroll - M11,,FALSE
JNL1194,3,2025-05-28,ENT003,100,0.00,69000.00,-69000.00,Driver Payroll - M11,,FALSE
JNL1194,4,2025-05-28,ENT003,330,0.00,8280.00,-8280.00,Driver Payroll - M11,,FALSE
JNL1195,1,2025-05-28,ENT003,890,4500.00,0.00,4500.00,Vehicle Depreciation - M11,,FALSE
JNL1195,2,2025-05-28,ENT003,210,0.00,4500.00,-4500.00,Vehicle Depreciation - M11,,FALSE
JNL1196,1,2025-05-15,ENT004,100,25000.00,0.00,25000.00,Property Rent Collection - M11,,FALSE
JNL1196,2,2025-05-15,ENT004,620,0.00,25000.00,-25000.00,Property Rent Collection - M11,,FALSE
JNL1197,1,2025-05-28,ENT004,895,5200.00,0.00,5200.00,Bank Facility Interest - M11,,FALSE
JNL1197,2,2025-05-28,ENT004,100,0.00,5200.00,-5200.00,Bank Facility Interest - M11,,FALSE
JNL1198,1,2025-05-28,ENT001,180,16000.00,0.00,16000.00,Intercompany Management Fees Charged,GROUP,TRUE
JNL1198,2,2025-05-28,ENT001,650,0.00,16000.00,-16000.00,Intercompany Management Fees Charged,GROUP,TRUE
JNL1199,1,2025-05-28,ENT002,880,10000.00,0.00,10000.00,Intercompany Management Fee Incurred,ENT001,TRUE
JNL1199,2,2025-05-28,ENT002,380,0.00,10000.00,-10000.00,Intercompany Management Fee Incurred,ENT001,TRUE
JNL1200,1,2025-05-28,ENT003,880,6000.00,0.00,6000.00,Intercompany Management Fee Incurred,ENT001,TRUE
JNL1200,2,2025-05-28,ENT003,380,0.00,6000.00,-6000.00,Intercompany Management Fee Incurred,ENT001,TRUE
JNL1201,1,2025-05-28,ENT003,180,8500.00,0.00,8500.00,Internal Logistics Billed to Draynor,ENT002,TRUE
JNL1201,2,2025-05-28,ENT003,600,0.00,8500.00,-8500.00,Internal Logistics Billed to Draynor,ENT002,TRUE
JNL1202,1,2025-05-28,ENT002,750,8500.00,0.00,8500.00,Intercompany Freight Costs,ENT003,TRUE
JNL1202,2,2025-05-28,ENT002,380,0.00,8500.00,-8500.00,Intercompany Freight Costs,ENT003,TRUE
JNL1203,1,2025-06-15,ENT001,110,186400.00,0.00,186400.00,Advisory Billings - M12,,FALSE
JNL1203,2,2025-06-15,ENT001,610,0.00,186400.00,-186400.00,Advisory Billings - M12,,FALSE
JNL1204,1,2025-06-28,ENT001,800,87375.00,0.00,87375.00,Monthly Payroll - M12,,FALSE
JNL1204,2,2025-06-28,ENT001,805,10485.00,0.00,10485.00,Monthly Payroll - M12,,FALSE
JNL1204,3,2025-06-28,ENT001,100,0.00,87375.00,-87375.00,Monthly Payroll - M12,,FALSE
JNL1204,4,2025-06-28,ENT001,330,0.00,10485.00,-10485.00,Monthly Payroll - M12,,FALSE
JNL1205,1,2025-06-28,ENT001,820,12000.00,0.00,12000.00,Operating Costs & Rent - M12,,FALSE
JNL1205,2,2025-06-28,ENT001,830,3500.00,0.00,3500.00,Operating Costs & Rent - M12,,FALSE
JNL1205,3,2025-06-28,ENT001,100,0.00,15500.00,-15500.00,Operating Costs & Rent - M12,,FALSE
JNL1206,1,2025-06-15,ENT002,100,326200.00,0.00,326200.00,Food Retailing Sales - M12,,FALSE
JNL1206,2,2025-06-15,ENT002,600,0.00,326200.00,-326200.00,Food Retailing Sales - M12,,FALSE
JNL1207,1,2025-06-15,ENT002,700,189196.00,0.00,189196.00,Produce Inventory Purchase - M12,,FALSE
JNL1207,2,2025-06-15,ENT002,100,0.00,189196.00,-189196.00,Produce Inventory Purchase - M12,,FALSE
JNL1208,1,2025-06-28,ENT002,800,52425.00,0.00,52425.00,Monthly Payroll - M12,,FALSE
JNL1208,2,2025-06-28,ENT002,805,6291.00,0.00,6291.00,Monthly Payroll - M12,,FALSE
JNL1208,3,2025-06-28,ENT002,100,0.00,52425.00,-52425.00,Monthly Payroll - M12,,FALSE
JNL1208,4,2025-06-28,ENT002,330,0.00,6291.00,-6291.00,Monthly Payroll - M12,,FALSE
JNL1209,1,2025-06-28,ENT002,820,8500.00,0.00,8500.00,Store Operating Costs - M12,,FALSE
JNL1209,2,2025-06-28,ENT002,810,4200.00,0.00,4200.00,Store Operating Costs - M12,,FALSE
JNL1209,3,2025-06-28,ENT002,100,0.00,12700.00,-12700.00,Store Operating Costs - M12,,FALSE
JNL1210,1,2025-06-15,ENT003,110,221350.00,0.00,221350.00,Freight Service Revenue - M12,,FALSE
JNL1210,2,2025-06-15,ENT003,600,0.00,221350.00,-221350.00,Freight Service Revenue - M12,,FALSE
JNL1211,1,2025-06-15,ENT003,710,61978.00,0.00,61978.00,Fleet Fuel & Maintenance - M12,,FALSE
JNL1211,2,2025-06-15,ENT003,810,6500.00,0.00,6500.00,Fleet Fuel & Maintenance - M12,,FALSE
JNL1211,3,2025-06-15,ENT003,100,0.00,68478.00,-68478.00,Fleet Fuel & Maintenance - M12,,FALSE
JNL1212,1,2025-06-28,ENT003,800,69900.00,0.00,69900.00,Driver Payroll - M12,,FALSE
JNL1212,2,2025-06-28,ENT003,805,8388.00,0.00,8388.00,Driver Payroll - M12,,FALSE
JNL1212,3,2025-06-28,ENT003,100,0.00,69900.00,-69900.00,Driver Payroll - M12,,FALSE
JNL1212,4,2025-06-28,ENT003,330,0.00,8388.00,-8388.00,Driver Payroll - M12,,FALSE
JNL1213,1,2025-06-28,ENT003,890,4500.00,0.00,4500.00,Vehicle Depreciation - M12,,FALSE
JNL1213,2,2025-06-28,ENT003,210,0.00,4500.00,-4500.00,Vehicle Depreciation - M12,,FALSE
JNL1214,1,2025-06-15,ENT004,100,25000.00,0.00,25000.00,Property Rent Collection - M12,,FALSE
JNL1214,2,2025-06-15,ENT004,620,0.00,25000.00,-25000.00,Property Rent Collection - M12,,FALSE
JNL1215,1,2025-06-28,ENT004,895,5200.00,0.00,5200.00,Bank Facility Interest - M12,,FALSE
JNL1215,2,2025-06-28,ENT004,100,0.00,5200.00,-5200.00,Bank Facility Interest - M12,,FALSE
JNL1216,1,2025-06-28,ENT001,180,16000.00,0.00,16000.00,Intercompany Management Fees Charged,GROUP,TRUE
JNL1216,2,2025-06-28,ENT001,650,0.00,16000.00,-16000.00,Intercompany Management Fees Charged,GROUP,TRUE
JNL1217,1,2025-06-28,ENT002,880,10000.00,0.00,10000.00,Intercompany Management Fee Incurred,ENT001,TRUE
JNL1217,2,2025-06-28,ENT002,380,0.00,10000.00,-10000.00,Intercompany Management Fee Incurred,ENT001,TRUE
JNL1218,1,2025-06-28,ENT003,880,6000.00,0.00,6000.00,Intercompany Management Fee Incurred,ENT001,TRUE
JNL1218,2,2025-06-28,ENT003,380,0.00,6000.00,-6000.00,Intercompany Management Fee Incurred,ENT001,TRUE
JNL1219,1,2025-06-28,ENT003,180,8500.00,0.00,8500.00,Internal Logistics Billed to Draynor,ENT002,TRUE
JNL1219,2,2025-06-28,ENT003,600,0.00,8500.00,-8500.00,Internal Logistics Billed to Draynor,ENT002,TRUE
JNL1220,1,2025-06-28,ENT002,750,8500.00,0.00,8500.00,Intercompany Freight Costs,ENT003,TRUE
JNL1220,2,2025-06-28,ENT002,380,0.00,8500.00,-8500.00,Intercompany Freight Costs,ENT003,TRUE
JNL1221,1,2025-07-15,ENT001,110,188800.00,0.00,188800.00,Advisory Billings - M13,,FALSE
JNL1221,2,2025-07-15,ENT001,610,0.00,188800.00,-188800.00,Advisory Billings - M13,,FALSE
JNL1222,1,2025-07-28,ENT001,800,88500.00,0.00,88500.00,Monthly Payroll - M13,,FALSE
JNL1222,2,2025-07-28,ENT001,805,10620.00,0.00,10620.00,Monthly Payroll - M13,,FALSE
JNL1222,3,2025-07-28,ENT001,100,0.00,88500.00,-88500.00,Monthly Payroll - M13,,FALSE
JNL1222,4,2025-07-28,ENT001,330,0.00,10620.00,-10620.00,Monthly Payroll - M13,,FALSE
JNL1223,1,2025-07-28,ENT001,820,12000.00,0.00,12000.00,Operating Costs & Rent - M13,,FALSE
JNL1223,2,2025-07-28,ENT001,830,3500.00,0.00,3500.00,Operating Costs & Rent - M13,,FALSE
JNL1223,3,2025-07-28,ENT001,100,0.00,15500.00,-15500.00,Operating Costs & Rent - M13,,FALSE
JNL1224,1,2025-07-15,ENT002,100,330400.00,0.00,330400.00,Food Retailing Sales - M13,,FALSE
JNL1224,2,2025-07-15,ENT002,600,0.00,330400.00,-330400.00,Food Retailing Sales - M13,,FALSE
JNL1225,1,2025-07-15,ENT002,700,191632.00,0.00,191632.00,Produce Inventory Purchase - M13,,FALSE
JNL1225,2,2025-07-15,ENT002,100,0.00,191632.00,-191632.00,Produce Inventory Purchase - M13,,FALSE
JNL1226,1,2025-07-28,ENT002,800,53100.00,0.00,53100.00,Monthly Payroll - M13,,FALSE
JNL1226,2,2025-07-28,ENT002,805,6372.00,0.00,6372.00,Monthly Payroll - M13,,FALSE
JNL1226,3,2025-07-28,ENT002,100,0.00,53100.00,-53100.00,Monthly Payroll - M13,,FALSE
JNL1226,4,2025-07-28,ENT002,330,0.00,6372.00,-6372.00,Monthly Payroll - M13,,FALSE
JNL1227,1,2025-07-28,ENT002,820,8500.00,0.00,8500.00,Store Operating Costs - M13,,FALSE
JNL1227,2,2025-07-28,ENT002,810,4200.00,0.00,4200.00,Store Operating Costs - M13,,FALSE
JNL1227,3,2025-07-28,ENT002,100,0.00,12700.00,-12700.00,Store Operating Costs - M13,,FALSE
JNL1228,1,2025-07-15,ENT003,110,224200.00,0.00,224200.00,Freight Service Revenue - M13,,FALSE
JNL1228,2,2025-07-15,ENT003,600,0.00,224200.00,-224200.00,Freight Service Revenue - M13,,FALSE
JNL1229,1,2025-07-15,ENT003,710,62776.00,0.00,62776.00,Fleet Fuel & Maintenance - M13,,FALSE
JNL1229,2,2025-07-15,ENT003,810,6500.00,0.00,6500.00,Fleet Fuel & Maintenance - M13,,FALSE
JNL1229,3,2025-07-15,ENT003,100,0.00,69276.00,-69276.00,Fleet Fuel & Maintenance - M13,,FALSE
JNL1230,1,2025-07-28,ENT003,800,70800.00,0.00,70800.00,Driver Payroll - M13,,FALSE
JNL1230,2,2025-07-28,ENT003,805,8496.00,0.00,8496.00,Driver Payroll - M13,,FALSE
JNL1230,3,2025-07-28,ENT003,100,0.00,70800.00,-70800.00,Driver Payroll - M13,,FALSE
JNL1230,4,2025-07-28,ENT003,330,0.00,8496.00,-8496.00,Driver Payroll - M13,,FALSE
JNL1231,1,2025-07-28,ENT003,890,4500.00,0.00,4500.00,Vehicle Depreciation - M13,,FALSE
JNL1231,2,2025-07-28,ENT003,210,0.00,4500.00,-4500.00,Vehicle Depreciation - M13,,FALSE
JNL1232,1,2025-07-15,ENT004,100,25000.00,0.00,25000.00,Property Rent Collection - M13,,FALSE
JNL1232,2,2025-07-15,ENT004,620,0.00,25000.00,-25000.00,Property Rent Collection - M13,,FALSE
JNL1233,1,2025-07-28,ENT004,895,5200.00,0.00,5200.00,Bank Facility Interest - M13,,FALSE
JNL1233,2,2025-07-28,ENT004,100,0.00,5200.00,-5200.00,Bank Facility Interest - M13,,FALSE
JNL1234,1,2025-07-28,ENT001,180,16000.00,0.00,16000.00,Intercompany Management Fees Charged,GROUP,TRUE
JNL1234,2,2025-07-28,ENT001,650,0.00,16000.00,-16000.00,Intercompany Management Fees Charged,GROUP,TRUE
JNL1235,1,2025-07-28,ENT002,880,10000.00,0.00,10000.00,Intercompany Management Fee Incurred,ENT001,TRUE
JNL1235,2,2025-07-28,ENT002,380,0.00,10000.00,-10000.00,Intercompany Management Fee Incurred,ENT001,TRUE
JNL1236,1,2025-07-28,ENT003,880,6000.00,0.00,6000.00,Intercompany Management Fee Incurred,ENT001,TRUE
JNL1236,2,2025-07-28,ENT003,380,0.00,6000.00,-6000.00,Intercompany Management Fee Incurred,ENT001,TRUE
JNL1237,1,2025-07-28,ENT003,180,8500.00,0.00,8500.00,Internal Logistics Billed to Draynor,ENT002,TRUE
JNL1237,2,2025-07-28,ENT003,600,0.00,8500.00,-8500.00,Internal Logistics Billed to Draynor,ENT002,TRUE
JNL1238,1,2025-07-28,ENT002,750,8500.00,0.00,8500.00,Intercompany Freight Costs,ENT003,TRUE
JNL1238,2,2025-07-28,ENT002,380,0.00,8500.00,-8500.00,Intercompany Freight Costs,ENT003,TRUE
JNL1239,1,2025-08-15,ENT001,110,191200.00,0.00,191200.00,Advisory Billings - M14,,FALSE
JNL1239,2,2025-08-15,ENT001,610,0.00,191200.00,-191200.00,Advisory Billings - M14,,FALSE
JNL1240,1,2025-08-28,ENT001,800,89625.00,0.00,89625.00,Monthly Payroll - M14,,FALSE
JNL1240,2,2025-08-28,ENT001,805,10755.00,0.00,10755.00,Monthly Payroll - M14,,FALSE
JNL1240,3,2025-08-28,ENT001,100,0.00,89625.00,-89625.00,Monthly Payroll - M14,,FALSE
JNL1240,4,2025-08-28,ENT001,330,0.00,10755.00,-10755.00,Monthly Payroll - M14,,FALSE
JNL1241,1,2025-08-28,ENT001,820,12000.00,0.00,12000.00,Operating Costs & Rent - M14,,FALSE
JNL1241,2,2025-08-28,ENT001,830,3500.00,0.00,3500.00,Operating Costs & Rent - M14,,FALSE
JNL1241,3,2025-08-28,ENT001,100,0.00,15500.00,-15500.00,Operating Costs & Rent - M14,,FALSE
JNL1242,1,2025-08-15,ENT002,100,334600.00,0.00,334600.00,Food Retailing Sales - M14,,FALSE
JNL1242,2,2025-08-15,ENT002,600,0.00,334600.00,-334600.00,Food Retailing Sales - M14,,FALSE
JNL1243,1,2025-08-15,ENT002,700,194068.00,0.00,194068.00,Produce Inventory Purchase - M14,,FALSE
JNL1243,2,2025-08-15,ENT002,100,0.00,194068.00,-194068.00,Produce Inventory Purchase - M14,,FALSE
JNL1244,1,2025-08-28,ENT002,800,53775.00,0.00,53775.00,Monthly Payroll - M14,,FALSE
JNL1244,2,2025-08-28,ENT002,805,6453.00,0.00,6453.00,Monthly Payroll - M14,,FALSE
JNL1244,3,2025-08-28,ENT002,100,0.00,53775.00,-53775.00,Monthly Payroll - M14,,FALSE
JNL1244,4,2025-08-28,ENT002,330,0.00,6453.00,-6453.00,Monthly Payroll - M14,,FALSE
JNL1245,1,2025-08-28,ENT002,820,8500.00,0.00,8500.00,Store Operating Costs - M14,,FALSE
JNL1245,2,2025-08-28,ENT002,810,4200.00,0.00,4200.00,Store Operating Costs - M14,,FALSE
JNL1245,3,2025-08-28,ENT002,100,0.00,12700.00,-12700.00,Store Operating Costs - M14,,FALSE
JNL1246,1,2025-08-15,ENT003,110,227050.00,0.00,227050.00,Freight Service Revenue - M14,,FALSE
JNL1246,2,2025-08-15,ENT003,600,0.00,227050.00,-227050.00,Freight Service Revenue - M14,,FALSE
JNL1247,1,2025-08-15,ENT003,710,63574.00,0.00,63574.00,Fleet Fuel & Maintenance - M14,,FALSE
JNL1247,2,2025-08-15,ENT003,810,6500.00,0.00,6500.00,Fleet Fuel & Maintenance - M14,,FALSE
JNL1247,3,2025-08-15,ENT003,100,0.00,70074.00,-70074.00,Fleet Fuel & Maintenance - M14,,FALSE
JNL1248,1,2025-08-28,ENT003,800,71700.00,0.00,71700.00,Driver Payroll - M14,,FALSE
JNL1248,2,2025-08-28,ENT003,805,8604.00,0.00,8604.00,Driver Payroll - M14,,FALSE
JNL1248,3,2025-08-28,ENT003,100,0.00,71700.00,-71700.00,Driver Payroll - M14,,FALSE
JNL1248,4,2025-08-28,ENT003,330,0.00,8604.00,-8604.00,Driver Payroll - M14,,FALSE
JNL1249,1,2025-08-28,ENT003,890,4500.00,0.00,4500.00,Vehicle Depreciation - M14,,FALSE
JNL1249,2,2025-08-28,ENT003,210,0.00,4500.00,-4500.00,Vehicle Depreciation - M14,,FALSE
JNL1250,1,2025-08-15,ENT004,100,25000.00,0.00,25000.00,Property Rent Collection - M14,,FALSE
JNL1250,2,2025-08-15,ENT004,620,0.00,25000.00,-25000.00,Property Rent Collection - M14,,FALSE
JNL1251,1,2025-08-28,ENT004,895,5200.00,0.00,5200.00,Bank Facility Interest - M14,,FALSE
JNL1251,2,2025-08-28,ENT004,100,0.00,5200.00,-5200.00,Bank Facility Interest - M14,,FALSE
JNL1252,1,2025-08-28,ENT001,180,16000.00,0.00,16000.00,Intercompany Management Fees Charged,GROUP,TRUE
JNL1252,2,2025-08-28,ENT001,650,0.00,16000.00,-16000.00,Intercompany Management Fees Charged,GROUP,TRUE
JNL1253,1,2025-08-28,ENT002,880,10000.00,0.00,10000.00,Intercompany Management Fee Incurred,ENT001,TRUE
JNL1253,2,2025-08-28,ENT002,380,0.00,10000.00,-10000.00,Intercompany Management Fee Incurred,ENT001,TRUE
JNL1254,1,2025-08-28,ENT003,880,6000.00,0.00,6000.00,Intercompany Management Fee Incurred,ENT001,TRUE
JNL1254,2,2025-08-28,ENT003,380,0.00,6000.00,-6000.00,Intercompany Management Fee Incurred,ENT001,TRUE
JNL1255,1,2025-08-28,ENT003,180,8500.00,0.00,8500.00,Internal Logistics Billed to Draynor,ENT002,TRUE
JNL1255,2,2025-08-28,ENT003,600,0.00,8500.00,-8500.00,Internal Logistics Billed to Draynor,ENT002,TRUE
JNL1256,1,2025-08-28,ENT002,750,8500.00,0.00,8500.00,Intercompany Freight Costs,ENT003,TRUE
JNL1256,2,2025-08-28,ENT002,380,0.00,8500.00,-8500.00,Intercompany Freight Costs,ENT003,TRUE
JNL1257,1,2025-09-15,ENT001,110,193600.00,0.00,193600.00,Advisory Billings - M15,,FALSE
JNL1257,2,2025-09-15,ENT001,610,0.00,193600.00,-193600.00,Advisory Billings - M15,,FALSE
JNL1258,1,2025-09-28,ENT001,800,90750.00,0.00,90750.00,Monthly Payroll - M15,,FALSE
JNL1258,2,2025-09-28,ENT001,805,10890.00,0.00,10890.00,Monthly Payroll - M15,,FALSE
JNL1258,3,2025-09-28,ENT001,100,0.00,90750.00,-90750.00,Monthly Payroll - M15,,FALSE
JNL1258,4,2025-09-28,ENT001,330,0.00,10890.00,-10890.00,Monthly Payroll - M15,,FALSE
JNL1259,1,2025-09-28,ENT001,820,12000.00,0.00,12000.00,Operating Costs & Rent - M15,,FALSE
JNL1259,2,2025-09-28,ENT001,830,3500.00,0.00,3500.00,Operating Costs & Rent - M15,,FALSE
JNL1259,3,2025-09-28,ENT001,100,0.00,15500.00,-15500.00,Operating Costs & Rent - M15,,FALSE
JNL1260,1,2025-09-15,ENT002,100,338800.00,0.00,338800.00,Food Retailing Sales - M15,,FALSE
JNL1260,2,2025-09-15,ENT002,600,0.00,338800.00,-338800.00,Food Retailing Sales - M15,,FALSE
JNL1261,1,2025-09-15,ENT002,700,196504.00,0.00,196504.00,Produce Inventory Purchase - M15,,FALSE
JNL1261,2,2025-09-15,ENT002,100,0.00,196504.00,-196504.00,Produce Inventory Purchase - M15,,FALSE
JNL1262,1,2025-09-28,ENT002,800,54450.00,0.00,54450.00,Monthly Payroll - M15,,FALSE
JNL1262,2,2025-09-28,ENT002,805,6534.00,0.00,6534.00,Monthly Payroll - M15,,FALSE
JNL1262,3,2025-09-28,ENT002,100,0.00,54450.00,-54450.00,Monthly Payroll - M15,,FALSE
JNL1262,4,2025-09-28,ENT002,330,0.00,6534.00,-6534.00,Monthly Payroll - M15,,FALSE
JNL1263,1,2025-09-28,ENT002,820,8500.00,0.00,8500.00,Store Operating Costs - M15,,FALSE
JNL1263,2,2025-09-28,ENT002,810,4200.00,0.00,4200.00,Store Operating Costs - M15,,FALSE
JNL1263,3,2025-09-28,ENT002,100,0.00,12700.00,-12700.00,Store Operating Costs - M15,,FALSE
JNL1264,1,2025-09-15,ENT003,110,229900.00,0.00,229900.00,Freight Service Revenue - M15,,FALSE
JNL1264,2,2025-09-15,ENT003,600,0.00,229900.00,-229900.00,Freight Service Revenue - M15,,FALSE
JNL1265,1,2025-09-15,ENT003,710,64372.00,0.00,64372.00,Fleet Fuel & Maintenance - M15,,FALSE
JNL1265,2,2025-09-15,ENT003,810,6500.00,0.00,6500.00,Fleet Fuel & Maintenance - M15,,FALSE
JNL1265,3,2025-09-15,ENT003,100,0.00,70872.00,-70872.00,Fleet Fuel & Maintenance - M15,,FALSE
JNL1266,1,2025-09-28,ENT003,800,72600.00,0.00,72600.00,Driver Payroll - M15,,FALSE
JNL1266,2,2025-09-28,ENT003,805,8712.00,0.00,8712.00,Driver Payroll - M15,,FALSE
JNL1266,3,2025-09-28,ENT003,100,0.00,72600.00,-72600.00,Driver Payroll - M15,,FALSE
JNL1266,4,2025-09-28,ENT003,330,0.00,8712.00,-8712.00,Driver Payroll - M15,,FALSE
JNL1267,1,2025-09-28,ENT003,890,4500.00,0.00,4500.00,Vehicle Depreciation - M15,,FALSE
JNL1267,2,2025-09-28,ENT003,210,0.00,4500.00,-4500.00,Vehicle Depreciation - M15,,FALSE
JNL1268,1,2025-09-15,ENT004,100,25000.00,0.00,25000.00,Property Rent Collection - M15,,FALSE
JNL1268,2,2025-09-15,ENT004,620,0.00,25000.00,-25000.00,Property Rent Collection - M15,,FALSE
JNL1269,1,2025-09-28,ENT004,895,5200.00,0.00,5200.00,Bank Facility Interest - M15,,FALSE
JNL1269,2,2025-09-28,ENT004,100,0.00,5200.00,-5200.00,Bank Facility Interest - M15,,FALSE
JNL1270,1,2025-09-28,ENT001,180,16000.00,0.00,16000.00,Intercompany Management Fees Charged,GROUP,TRUE
JNL1270,2,2025-09-28,ENT001,650,0.00,16000.00,-16000.00,Intercompany Management Fees Charged,GROUP,TRUE
JNL1271,1,2025-09-28,ENT002,880,10000.00,0.00,10000.00,Intercompany Management Fee Incurred,ENT001,TRUE
JNL1271,2,2025-09-28,ENT002,380,0.00,10000.00,-10000.00,Intercompany Management Fee Incurred,ENT001,TRUE
JNL1272,1,2025-09-28,ENT003,880,6000.00,0.00,6000.00,Intercompany Management Fee Incurred,ENT001,TRUE
JNL1272,2,2025-09-28,ENT003,380,0.00,6000.00,-6000.00,Intercompany Management Fee Incurred,ENT001,TRUE
JNL1273,1,2025-09-28,ENT003,180,8500.00,0.00,8500.00,Internal Logistics Billed to Draynor,ENT002,TRUE
JNL1273,2,2025-09-28,ENT003,600,0.00,8500.00,-8500.00,Internal Logistics Billed to Draynor,ENT002,TRUE
JNL1274,1,2025-09-28,ENT002,750,8500.00,0.00,8500.00,Intercompany Freight Costs,ENT003,TRUE
JNL1274,2,2025-09-28,ENT002,380,0.00,8500.00,-8500.00,Intercompany Freight Costs,ENT003,TRUE
JNL1275,1,2025-10-15,ENT001,110,196000.00,0.00,196000.00,Advisory Billings - M16,,FALSE
JNL1275,2,2025-10-15,ENT001,610,0.00,196000.00,-196000.00,Advisory Billings - M16,,FALSE
JNL1276,1,2025-10-28,ENT001,800,91875.00,0.00,91875.00,Monthly Payroll - M16,,FALSE
JNL1276,2,2025-10-28,ENT001,805,11025.00,0.00,11025.00,Monthly Payroll - M16,,FALSE
JNL1276,3,2025-10-28,ENT001,100,0.00,91875.00,-91875.00,Monthly Payroll - M16,,FALSE
JNL1276,4,2025-10-28,ENT001,330,0.00,11025.00,-11025.00,Monthly Payroll - M16,,FALSE
JNL1277,1,2025-10-28,ENT001,820,12000.00,0.00,12000.00,Operating Costs & Rent - M16,,FALSE
JNL1277,2,2025-10-28,ENT001,830,3500.00,0.00,3500.00,Operating Costs & Rent - M16,,FALSE
JNL1277,3,2025-10-28,ENT001,100,0.00,15500.00,-15500.00,Operating Costs & Rent - M16,,FALSE
JNL1278,1,2025-10-15,ENT002,100,343000.00,0.00,343000.00,Food Retailing Sales - M16,,FALSE
JNL1278,2,2025-10-15,ENT002,600,0.00,343000.00,-343000.00,Food Retailing Sales - M16,,FALSE
JNL1279,1,2025-10-15,ENT002,700,198940.00,0.00,198940.00,Produce Inventory Purchase - M16,,FALSE
JNL1279,2,2025-10-15,ENT002,100,0.00,198940.00,-198940.00,Produce Inventory Purchase - M16,,FALSE
JNL1280,1,2025-10-28,ENT002,800,55125.00,0.00,55125.00,Monthly Payroll - M16,,FALSE
JNL1280,2,2025-10-28,ENT002,805,6615.00,0.00,6615.00,Monthly Payroll - M16,,FALSE
JNL1280,3,2025-10-28,ENT002,100,0.00,55125.00,-55125.00,Monthly Payroll - M16,,FALSE
JNL1280,4,2025-10-28,ENT002,330,0.00,6615.00,-6615.00,Monthly Payroll - M16,,FALSE
JNL1281,1,2025-10-28,ENT002,820,8500.00,0.00,8500.00,Store Operating Costs - M16,,FALSE
JNL1281,2,2025-10-28,ENT002,810,4200.00,0.00,4200.00,Store Operating Costs - M16,,FALSE
JNL1281,3,2025-10-28,ENT002,100,0.00,12700.00,-12700.00,Store Operating Costs - M16,,FALSE
JNL1282,1,2025-10-15,ENT003,110,232750.00,0.00,232750.00,Freight Service Revenue - M16,,FALSE
JNL1282,2,2025-10-15,ENT003,600,0.00,232750.00,-232750.00,Freight Service Revenue - M16,,FALSE
JNL1283,1,2025-10-15,ENT003,710,65170.00,0.00,65170.00,Fleet Fuel & Maintenance - M16,,FALSE
JNL1283,2,2025-10-15,ENT003,810,6500.00,0.00,6500.00,Fleet Fuel & Maintenance - M16,,FALSE
JNL1283,3,2025-10-15,ENT003,100,0.00,71670.00,-71670.00,Fleet Fuel & Maintenance - M16,,FALSE
JNL1284,1,2025-10-28,ENT003,800,73500.00,0.00,73500.00,Driver Payroll - M16,,FALSE
JNL1284,2,2025-10-28,ENT003,805,8820.00,0.00,8820.00,Driver Payroll - M16,,FALSE
JNL1284,3,2025-10-28,ENT003,100,0.00,73500.00,-73500.00,Driver Payroll - M16,,FALSE
JNL1284,4,2025-10-28,ENT003,330,0.00,8820.00,-8820.00,Driver Payroll - M16,,FALSE
JNL1285,1,2025-10-28,ENT003,890,4500.00,0.00,4500.00,Vehicle Depreciation - M16,,FALSE
JNL1285,2,2025-10-28,ENT003,210,0.00,4500.00,-4500.00,Vehicle Depreciation - M16,,FALSE
JNL1286,1,2025-10-15,ENT004,100,25000.00,0.00,25000.00,Property Rent Collection - M16,,FALSE
JNL1286,2,2025-10-15,ENT004,620,0.00,25000.00,-25000.00,Property Rent Collection - M16,,FALSE
JNL1287,1,2025-10-28,ENT004,895,5200.00,0.00,5200.00,Bank Facility Interest - M16,,FALSE
JNL1287,2,2025-10-28,ENT004,100,0.00,5200.00,-5200.00,Bank Facility Interest - M16,,FALSE
JNL1288,1,2025-10-28,ENT001,180,16000.00,0.00,16000.00,Intercompany Management Fees Charged,GROUP,TRUE
JNL1288,2,2025-10-28,ENT001,650,0.00,16000.00,-16000.00,Intercompany Management Fees Charged,GROUP,TRUE
JNL1289,1,2025-10-28,ENT002,880,10000.00,0.00,10000.00,Intercompany Management Fee Incurred,ENT001,TRUE
JNL1289,2,2025-10-28,ENT002,380,0.00,10000.00,-10000.00,Intercompany Management Fee Incurred,ENT001,TRUE
JNL1290,1,2025-10-28,ENT003,880,6000.00,0.00,6000.00,Intercompany Management Fee Incurred,ENT001,TRUE
JNL1290,2,2025-10-28,ENT003,380,0.00,6000.00,-6000.00,Intercompany Management Fee Incurred,ENT001,TRUE
JNL1291,1,2025-10-28,ENT003,180,8500.00,0.00,8500.00,Internal Logistics Billed to Draynor,ENT002,TRUE
JNL1291,2,2025-10-28,ENT003,600,0.00,8500.00,-8500.00,Internal Logistics Billed to Draynor,ENT002,TRUE
JNL1292,1,2025-10-28,ENT002,750,8500.00,0.00,8500.00,Intercompany Freight Costs,ENT003,TRUE
JNL1292,2,2025-10-28,ENT002,380,0.00,8500.00,-8500.00,Intercompany Freight Costs,ENT003,TRUE
JNL1293,1,2025-11-15,ENT001,110,198400.00,0.00,198400.00,Advisory Billings - M17,,FALSE
JNL1293,2,2025-11-15,ENT001,610,0.00,198400.00,-198400.00,Advisory Billings - M17,,FALSE
JNL1294,1,2025-11-28,ENT001,800,93000.00,0.00,93000.00,Monthly Payroll - M17,,FALSE
JNL1294,2,2025-11-28,ENT001,805,11160.00,0.00,11160.00,Monthly Payroll - M17,,FALSE
JNL1294,3,2025-11-28,ENT001,100,0.00,93000.00,-93000.00,Monthly Payroll - M17,,FALSE
JNL1294,4,2025-11-28,ENT001,330,0.00,11160.00,-11160.00,Monthly Payroll - M17,,FALSE
JNL1295,1,2025-11-28,ENT001,820,12000.00,0.00,12000.00,Operating Costs & Rent - M17,,FALSE
JNL1295,2,2025-11-28,ENT001,830,3500.00,0.00,3500.00,Operating Costs & Rent - M17,,FALSE
JNL1295,3,2025-11-28,ENT001,100,0.00,15500.00,-15500.00,Operating Costs & Rent - M17,,FALSE
JNL1296,1,2025-11-15,ENT002,100,347200.00,0.00,347200.00,Food Retailing Sales - M17,,FALSE
JNL1296,2,2025-11-15,ENT002,600,0.00,347200.00,-347200.00,Food Retailing Sales - M17,,FALSE
JNL1297,1,2025-11-15,ENT002,700,201376.00,0.00,201376.00,Produce Inventory Purchase - M17,,FALSE
JNL1297,2,2025-11-15,ENT002,100,0.00,201376.00,-201376.00,Produce Inventory Purchase - M17,,FALSE
JNL1298,1,2025-11-28,ENT002,800,55800.00,0.00,55800.00,Monthly Payroll - M17,,FALSE
JNL1298,2,2025-11-28,ENT002,805,6696.00,0.00,6696.00,Monthly Payroll - M17,,FALSE
JNL1298,3,2025-11-28,ENT002,100,0.00,55800.00,-55800.00,Monthly Payroll - M17,,FALSE
JNL1298,4,2025-11-28,ENT002,330,0.00,6696.00,-6696.00,Monthly Payroll - M17,,FALSE
JNL1299,1,2025-11-28,ENT002,820,8500.00,0.00,8500.00,Store Operating Costs - M17,,FALSE
JNL1299,2,2025-11-28,ENT002,810,4200.00,0.00,4200.00,Store Operating Costs - M17,,FALSE
JNL1299,3,2025-11-28,ENT002,100,0.00,12700.00,-12700.00,Store Operating Costs - M17,,FALSE
JNL1300,1,2025-11-15,ENT003,110,235600.00,0.00,235600.00,Freight Service Revenue - M17,,FALSE
JNL1300,2,2025-11-15,ENT003,600,0.00,235600.00,-235600.00,Freight Service Revenue - M17,,FALSE
JNL1301,1,2025-11-15,ENT003,710,65968.00,0.00,65968.00,Fleet Fuel & Maintenance - M17,,FALSE
JNL1301,2,2025-11-15,ENT003,810,6500.00,0.00,6500.00,Fleet Fuel & Maintenance - M17,,FALSE
JNL1301,3,2025-11-15,ENT003,100,0.00,72468.00,-72468.00,Fleet Fuel & Maintenance - M17,,FALSE
JNL1302,1,2025-11-28,ENT003,800,74400.00,0.00,74400.00,Driver Payroll - M17,,FALSE
JNL1302,2,2025-11-28,ENT003,805,8928.00,0.00,8928.00,Driver Payroll - M17,,FALSE
JNL1302,3,2025-11-28,ENT003,100,0.00,74400.00,-74400.00,Driver Payroll - M17,,FALSE
JNL1302,4,2025-11-28,ENT003,330,0.00,8928.00,-8928.00,Driver Payroll - M17,,FALSE
JNL1303,1,2025-11-28,ENT003,890,4500.00,0.00,4500.00,Vehicle Depreciation - M17,,FALSE
JNL1303,2,2025-11-28,ENT003,210,0.00,4500.00,-4500.00,Vehicle Depreciation - M17,,FALSE
JNL1304,1,2025-11-15,ENT004,100,25000.00,0.00,25000.00,Property Rent Collection - M17,,FALSE
JNL1304,2,2025-11-15,ENT004,620,0.00,25000.00,-25000.00,Property Rent Collection - M17,,FALSE
JNL1305,1,2025-11-28,ENT004,895,5200.00,0.00,5200.00,Bank Facility Interest - M17,,FALSE
JNL1305,2,2025-11-28,ENT004,100,0.00,5200.00,-5200.00,Bank Facility Interest - M17,,FALSE
JNL1306,1,2025-11-28,ENT001,180,16000.00,0.00,16000.00,Intercompany Management Fees Charged,GROUP,TRUE
JNL1306,2,2025-11-28,ENT001,650,0.00,16000.00,-16000.00,Intercompany Management Fees Charged,GROUP,TRUE
JNL1307,1,2025-11-28,ENT002,880,10000.00,0.00,10000.00,Intercompany Management Fee Incurred,ENT001,TRUE
JNL1307,2,2025-11-28,ENT002,380,0.00,10000.00,-10000.00,Intercompany Management Fee Incurred,ENT001,TRUE
JNL1308,1,2025-11-28,ENT003,880,6000.00,0.00,6000.00,Intercompany Management Fee Incurred,ENT001,TRUE
JNL1308,2,2025-11-28,ENT003,380,0.00,6000.00,-6000.00,Intercompany Management Fee Incurred,ENT001,TRUE
JNL1309,1,2025-11-28,ENT003,180,8500.00,0.00,8500.00,Internal Logistics Billed to Draynor,ENT002,TRUE
JNL1309,2,2025-11-28,ENT003,600,0.00,8500.00,-8500.00,Internal Logistics Billed to Draynor,ENT002,TRUE
JNL1310,1,2025-11-28,ENT002,750,8500.00,0.00,8500.00,Intercompany Freight Costs,ENT003,TRUE
JNL1310,2,2025-11-28,ENT002,380,0.00,8500.00,-8500.00,Intercompany Freight Costs,ENT003,TRUE
JNL1311,1,2025-12-15,ENT001,110,200800.00,0.00,200800.00,Advisory Billings - M18,,FALSE
JNL1311,2,2025-12-15,ENT001,610,0.00,200800.00,-200800.00,Advisory Billings - M18,,FALSE
JNL1312,1,2025-12-28,ENT001,800,94125.00,0.00,94125.00,Monthly Payroll - M18,,FALSE
JNL1312,2,2025-12-28,ENT001,805,11295.00,0.00,11295.00,Monthly Payroll - M18,,FALSE
JNL1312,3,2025-12-28,ENT001,100,0.00,94125.00,-94125.00,Monthly Payroll - M18,,FALSE
JNL1312,4,2025-12-28,ENT001,330,0.00,11295.00,-11295.00,Monthly Payroll - M18,,FALSE
JNL1313,1,2025-12-28,ENT001,820,12000.00,0.00,12000.00,Operating Costs & Rent - M18,,FALSE
JNL1313,2,2025-12-28,ENT001,830,3500.00,0.00,3500.00,Operating Costs & Rent - M18,,FALSE
JNL1313,3,2025-12-28,ENT001,100,0.00,15500.00,-15500.00,Operating Costs & Rent - M18,,FALSE
JNL1314,1,2025-12-15,ENT002,100,351400.00,0.00,351400.00,Food Retailing Sales - M18,,FALSE
JNL1314,2,2025-12-15,ENT002,600,0.00,351400.00,-351400.00,Food Retailing Sales - M18,,FALSE
JNL1315,1,2025-12-15,ENT002,700,203812.00,0.00,203812.00,Produce Inventory Purchase - M18,,FALSE
JNL1315,2,2025-12-15,ENT002,100,0.00,203812.00,-203812.00,Produce Inventory Purchase - M18,,FALSE
JNL1316,1,2025-12-28,ENT002,800,56475.00,0.00,56475.00,Monthly Payroll - M18,,FALSE
JNL1316,2,2025-12-28,ENT002,805,6777.00,0.00,6777.00,Monthly Payroll - M18,,FALSE
JNL1316,3,2025-12-28,ENT002,100,0.00,56475.00,-56475.00,Monthly Payroll - M18,,FALSE
JNL1316,4,2025-12-28,ENT002,330,0.00,6777.00,-6777.00,Monthly Payroll - M18,,FALSE
JNL1317,1,2025-12-28,ENT002,820,8500.00,0.00,8500.00,Store Operating Costs - M18,,FALSE
JNL1317,2,2025-12-28,ENT002,810,4200.00,0.00,4200.00,Store Operating Costs - M18,,FALSE
JNL1317,3,2025-12-28,ENT002,100,0.00,12700.00,-12700.00,Store Operating Costs - M18,,FALSE
JNL1318,1,2025-12-15,ENT003,110,238450.00,0.00,238450.00,Freight Service Revenue - M18,,FALSE
JNL1318,2,2025-12-15,ENT003,600,0.00,238450.00,-238450.00,Freight Service Revenue - M18,,FALSE
JNL1319,1,2025-12-15,ENT003,710,66766.00,0.00,66766.00,Fleet Fuel & Maintenance - M18,,FALSE
JNL1319,2,2025-12-15,ENT003,810,6500.00,0.00,6500.00,Fleet Fuel & Maintenance - M18,,FALSE
JNL1319,3,2025-12-15,ENT003,100,0.00,73266.00,-73266.00,Fleet Fuel & Maintenance - M18,,FALSE
JNL1320,1,2025-12-28,ENT003,800,75300.00,0.00,75300.00,Driver Payroll - M18,,FALSE
JNL1320,2,2025-12-28,ENT003,805,9036.00,0.00,9036.00,Driver Payroll - M18,,FALSE
JNL1320,3,2025-12-28,ENT003,100,0.00,75300.00,-75300.00,Driver Payroll - M18,,FALSE
JNL1320,4,2025-12-28,ENT003,330,0.00,9036.00,-9036.00,Driver Payroll - M18,,FALSE
JNL1321,1,2025-12-28,ENT003,890,4500.00,0.00,4500.00,Vehicle Depreciation - M18,,FALSE
JNL1321,2,2025-12-28,ENT003,210,0.00,4500.00,-4500.00,Vehicle Depreciation - M18,,FALSE
JNL1322,1,2025-12-15,ENT004,100,25000.00,0.00,25000.00,Property Rent Collection - M18,,FALSE
JNL1322,2,2025-12-15,ENT004,620,0.00,25000.00,-25000.00,Property Rent Collection - M18,,FALSE
JNL1323,1,2025-12-28,ENT004,895,5200.00,0.00,5200.00,Bank Facility Interest - M18,,FALSE
JNL1323,2,2025-12-28,ENT004,100,0.00,5200.00,-5200.00,Bank Facility Interest - M18,,FALSE
JNL1324,1,2025-12-28,ENT001,180,16000.00,0.00,16000.00,Intercompany Management Fees Charged,GROUP,TRUE
JNL1324,2,2025-12-28,ENT001,650,0.00,16000.00,-16000.00,Intercompany Management Fees Charged,GROUP,TRUE
JNL1325,1,2025-12-28,ENT002,880,10000.00,0.00,10000.00,Intercompany Management Fee Incurred,ENT001,TRUE
JNL1325,2,2025-12-28,ENT002,380,0.00,10000.00,-10000.00,Intercompany Management Fee Incurred,ENT001,TRUE
JNL1326,1,2025-12-28,ENT003,880,6000.00,0.00,6000.00,Intercompany Management Fee Incurred,ENT001,TRUE
JNL1326,2,2025-12-28,ENT003,380,0.00,6000.00,-6000.00,Intercompany Management Fee Incurred,ENT001,TRUE
JNL1327,1,2025-12-28,ENT003,180,8500.00,0.00,8500.00,Internal Logistics Billed to Draynor,ENT002,TRUE
JNL1327,2,2025-12-28,ENT003,600,0.00,8500.00,-8500.00,Internal Logistics Billed to Draynor,ENT002,TRUE
JNL1328,1,2025-12-28,ENT002,750,8500.00,0.00,8500.00,Intercompany Freight Costs,ENT003,TRUE
JNL1328,2,2025-12-28,ENT002,380,0.00,8500.00,-8500.00,Intercompany Freight Costs,ENT003,TRUE
JNL1329,1,2026-01-15,ENT001,110,203200.00,0.00,203200.00,Advisory Billings - M19,,FALSE
JNL1329,2,2026-01-15,ENT001,610,0.00,203200.00,-203200.00,Advisory Billings - M19,,FALSE
JNL1330,1,2026-01-28,ENT001,800,95250.00,0.00,95250.00,Monthly Payroll - M19,,FALSE
JNL1330,2,2026-01-28,ENT001,805,11430.00,0.00,11430.00,Monthly Payroll - M19,,FALSE
JNL1330,3,2026-01-28,ENT001,100,0.00,95250.00,-95250.00,Monthly Payroll - M19,,FALSE
JNL1330,4,2026-01-28,ENT001,330,0.00,11430.00,-11430.00,Monthly Payroll - M19,,FALSE
JNL1331,1,2026-01-28,ENT001,820,12000.00,0.00,12000.00,Operating Costs & Rent - M19,,FALSE
JNL1331,2,2026-01-28,ENT001,830,3500.00,0.00,3500.00,Operating Costs & Rent - M19,,FALSE
JNL1331,3,2026-01-28,ENT001,100,0.00,15500.00,-15500.00,Operating Costs & Rent - M19,,FALSE
JNL1332,1,2026-01-15,ENT002,100,355600.00,0.00,355600.00,Food Retailing Sales - M19,,FALSE
JNL1332,2,2026-01-15,ENT002,600,0.00,355600.00,-355600.00,Food Retailing Sales - M19,,FALSE
JNL1333,1,2026-01-15,ENT002,700,206248.00,0.00,206248.00,Produce Inventory Purchase - M19,,FALSE
JNL1333,2,2026-01-15,ENT002,100,0.00,206248.00,-206248.00,Produce Inventory Purchase - M19,,FALSE
JNL1334,1,2026-01-28,ENT002,800,57150.00,0.00,57150.00,Monthly Payroll - M19,,FALSE
JNL1334,2,2026-01-28,ENT002,805,6858.00,0.00,6858.00,Monthly Payroll - M19,,FALSE
JNL1334,3,2026-01-28,ENT002,100,0.00,57150.00,-57150.00,Monthly Payroll - M19,,FALSE
JNL1334,4,2026-01-28,ENT002,330,0.00,6858.00,-6858.00,Monthly Payroll - M19,,FALSE
JNL1335,1,2026-01-28,ENT002,820,8500.00,0.00,8500.00,Store Operating Costs - M19,,FALSE
JNL1335,2,2026-01-28,ENT002,810,4200.00,0.00,4200.00,Store Operating Costs - M19,,FALSE
JNL1335,3,2026-01-28,ENT002,100,0.00,12700.00,-12700.00,Store Operating Costs - M19,,FALSE
JNL1336,1,2026-01-15,ENT003,110,241300.00,0.00,241300.00,Freight Service Revenue - M19,,FALSE
JNL1336,2,2026-01-15,ENT003,600,0.00,241300.00,-241300.00,Freight Service Revenue - M19,,FALSE
JNL1337,1,2026-01-15,ENT003,710,67564.00,0.00,67564.00,Fleet Fuel & Maintenance - M19,,FALSE
JNL1337,2,2026-01-15,ENT003,810,6500.00,0.00,6500.00,Fleet Fuel & Maintenance - M19,,FALSE
JNL1337,3,2026-01-15,ENT003,100,0.00,74064.00,-74064.00,Fleet Fuel & Maintenance - M19,,FALSE
JNL1338,1,2026-01-28,ENT003,800,76200.00,0.00,76200.00,Driver Payroll - M19,,FALSE
JNL1338,2,2026-01-28,ENT003,805,9144.00,0.00,9144.00,Driver Payroll - M19,,FALSE
JNL1338,3,2026-01-28,ENT003,100,0.00,76200.00,-76200.00,Driver Payroll - M19,,FALSE
JNL1338,4,2026-01-28,ENT003,330,0.00,9144.00,-9144.00,Driver Payroll - M19,,FALSE
JNL1339,1,2026-01-28,ENT003,890,4500.00,0.00,4500.00,Vehicle Depreciation - M19,,FALSE
JNL1339,2,2026-01-28,ENT003,210,0.00,4500.00,-4500.00,Vehicle Depreciation - M19,,FALSE
JNL1340,1,2026-01-15,ENT004,100,25000.00,0.00,25000.00,Property Rent Collection - M19,,FALSE
JNL1340,2,2026-01-15,ENT004,620,0.00,25000.00,-25000.00,Property Rent Collection - M19,,FALSE
JNL1341,1,2026-01-28,ENT004,895,5200.00,0.00,5200.00,Bank Facility Interest - M19,,FALSE
JNL1341,2,2026-01-28,ENT004,100,0.00,5200.00,-5200.00,Bank Facility Interest - M19,,FALSE
JNL1342,1,2026-01-28,ENT001,180,16000.00,0.00,16000.00,Intercompany Management Fees Charged,GROUP,TRUE
JNL1342,2,2026-01-28,ENT001,650,0.00,16000.00,-16000.00,Intercompany Management Fees Charged,GROUP,TRUE
JNL1343,1,2026-01-28,ENT002,880,10000.00,0.00,10000.00,Intercompany Management Fee Incurred,ENT001,TRUE
JNL1343,2,2026-01-28,ENT002,380,0.00,10000.00,-10000.00,Intercompany Management Fee Incurred,ENT001,TRUE
JNL1344,1,2026-01-28,ENT003,880,6000.00,0.00,6000.00,Intercompany Management Fee Incurred,ENT001,TRUE
JNL1344,2,2026-01-28,ENT003,380,0.00,6000.00,-6000.00,Intercompany Management Fee Incurred,ENT001,TRUE
JNL1345,1,2026-01-28,ENT003,180,8500.00,0.00,8500.00,Internal Logistics Billed to Draynor,ENT002,TRUE
JNL1345,2,2026-01-28,ENT003,600,0.00,8500.00,-8500.00,Internal Logistics Billed to Draynor,ENT002,TRUE
JNL1346,1,2026-01-28,ENT002,750,8500.00,0.00,8500.00,Intercompany Freight Costs,ENT003,TRUE
JNL1346,2,2026-01-28,ENT002,380,0.00,8500.00,-8500.00,Intercompany Freight Costs,ENT003,TRUE
JNL1347,1,2026-02-15,ENT001,110,205600.00,0.00,205600.00,Advisory Billings - M20,,FALSE
JNL1347,2,2026-02-15,ENT001,610,0.00,205600.00,-205600.00,Advisory Billings - M20,,FALSE
JNL1348,1,2026-02-28,ENT001,800,96375.00,0.00,96375.00,Monthly Payroll - M20,,FALSE
JNL1348,2,2026-02-28,ENT001,805,11565.00,0.00,11565.00,Monthly Payroll - M20,,FALSE
JNL1348,3,2026-02-28,ENT001,100,0.00,96375.00,-96375.00,Monthly Payroll - M20,,FALSE
JNL1348,4,2026-02-28,ENT001,330,0.00,11565.00,-11565.00,Monthly Payroll - M20,,FALSE
JNL1349,1,2026-02-28,ENT001,820,12000.00,0.00,12000.00,Operating Costs & Rent - M20,,FALSE
JNL1349,2,2026-02-28,ENT001,830,3500.00,0.00,3500.00,Operating Costs & Rent - M20,,FALSE
JNL1349,3,2026-02-28,ENT001,100,0.00,15500.00,-15500.00,Operating Costs & Rent - M20,,FALSE
JNL1350,1,2026-02-15,ENT002,100,359800.00,0.00,359800.00,Food Retailing Sales - M20,,FALSE
JNL1350,2,2026-02-15,ENT002,600,0.00,359800.00,-359800.00,Food Retailing Sales - M20,,FALSE
JNL1351,1,2026-02-15,ENT002,700,208684.00,0.00,208684.00,Produce Inventory Purchase - M20,,FALSE
JNL1351,2,2026-02-15,ENT002,100,0.00,208684.00,-208684.00,Produce Inventory Purchase - M20,,FALSE
JNL1352,1,2026-02-28,ENT002,800,57825.00,0.00,57825.00,Monthly Payroll - M20,,FALSE
JNL1352,2,2026-02-28,ENT002,805,6939.00,0.00,6939.00,Monthly Payroll - M20,,FALSE
JNL1352,3,2026-02-28,ENT002,100,0.00,57825.00,-57825.00,Monthly Payroll - M20,,FALSE
JNL1352,4,2026-02-28,ENT002,330,0.00,6939.00,-6939.00,Monthly Payroll - M20,,FALSE
JNL1353,1,2026-02-28,ENT002,820,8500.00,0.00,8500.00,Store Operating Costs - M20,,FALSE
JNL1353,2,2026-02-28,ENT002,810,4200.00,0.00,4200.00,Store Operating Costs - M20,,FALSE
JNL1353,3,2026-02-28,ENT002,100,0.00,12700.00,-12700.00,Store Operating Costs - M20,,FALSE
JNL1354,1,2026-02-15,ENT003,110,244150.00,0.00,244150.00,Freight Service Revenue - M20,,FALSE
JNL1354,2,2026-02-15,ENT003,600,0.00,244150.00,-244150.00,Freight Service Revenue - M20,,FALSE
JNL1355,1,2026-02-15,ENT003,710,68362.00,0.00,68362.00,Fleet Fuel & Maintenance - M20,,FALSE
JNL1355,2,2026-02-15,ENT003,810,6500.00,0.00,6500.00,Fleet Fuel & Maintenance - M20,,FALSE
JNL1355,3,2026-02-15,ENT003,100,0.00,74862.00,-74862.00,Fleet Fuel & Maintenance - M20,,FALSE
JNL1356,1,2026-02-28,ENT003,800,77100.00,0.00,77100.00,Driver Payroll - M20,,FALSE
JNL1356,2,2026-02-28,ENT003,805,9252.00,0.00,9252.00,Driver Payroll - M20,,FALSE
JNL1356,3,2026-02-28,ENT003,100,0.00,77100.00,-77100.00,Driver Payroll - M20,,FALSE
JNL1356,4,2026-02-28,ENT003,330,0.00,9252.00,-9252.00,Driver Payroll - M20,,FALSE
JNL1357,1,2026-02-28,ENT003,890,4500.00,0.00,4500.00,Vehicle Depreciation - M20,,FALSE
JNL1357,2,2026-02-28,ENT003,210,0.00,4500.00,-4500.00,Vehicle Depreciation - M20,,FALSE
JNL1358,1,2026-02-15,ENT004,100,25000.00,0.00,25000.00,Property Rent Collection - M20,,FALSE
JNL1358,2,2026-02-15,ENT004,620,0.00,25000.00,-25000.00,Property Rent Collection - M20,,FALSE
JNL1359,1,2026-02-28,ENT004,895,5200.00,0.00,5200.00,Bank Facility Interest - M20,,FALSE
JNL1359,2,2026-02-28,ENT004,100,0.00,5200.00,-5200.00,Bank Facility Interest - M20,,FALSE
JNL1360,1,2026-02-28,ENT001,180,16000.00,0.00,16000.00,Intercompany Management Fees Charged,GROUP,TRUE
JNL1360,2,2026-02-28,ENT001,650,0.00,16000.00,-16000.00,Intercompany Management Fees Charged,GROUP,TRUE
JNL1361,1,2026-02-28,ENT002,880,10000.00,0.00,10000.00,Intercompany Management Fee Incurred,ENT001,TRUE
JNL1361,2,2026-02-28,ENT002,380,0.00,10000.00,-10000.00,Intercompany Management Fee Incurred,ENT001,TRUE
JNL1362,1,2026-02-28,ENT003,880,6000.00,0.00,6000.00,Intercompany Management Fee Incurred,ENT001,TRUE
JNL1362,2,2026-02-28,ENT003,380,0.00,6000.00,-6000.00,Intercompany Management Fee Incurred,ENT001,TRUE
JNL1363,1,2026-02-28,ENT003,180,8500.00,0.00,8500.00,Internal Logistics Billed to Draynor,ENT002,TRUE
JNL1363,2,2026-02-28,ENT003,600,0.00,8500.00,-8500.00,Internal Logistics Billed to Draynor,ENT002,TRUE
JNL1364,1,2026-02-28,ENT002,750,8500.00,0.00,8500.00,Intercompany Freight Costs,ENT003,TRUE
JNL1364,2,2026-02-28,ENT002,380,0.00,8500.00,-8500.00,Intercompany Freight Costs,ENT003,TRUE
JNL1365,1,2026-03-15,ENT001,110,208000.00,0.00,208000.00,Advisory Billings - M21,,FALSE
JNL1365,2,2026-03-15,ENT001,610,0.00,208000.00,-208000.00,Advisory Billings - M21,,FALSE
JNL1366,1,2026-03-28,ENT001,800,97500.00,0.00,97500.00,Monthly Payroll - M21,,FALSE
JNL1366,2,2026-03-28,ENT001,805,11700.00,0.00,11700.00,Monthly Payroll - M21,,FALSE
JNL1366,3,2026-03-28,ENT001,100,0.00,97500.00,-97500.00,Monthly Payroll - M21,,FALSE
JNL1366,4,2026-03-28,ENT001,330,0.00,11700.00,-11700.00,Monthly Payroll - M21,,FALSE
JNL1367,1,2026-03-28,ENT001,820,12000.00,0.00,12000.00,Operating Costs & Rent - M21,,FALSE
JNL1367,2,2026-03-28,ENT001,830,3500.00,0.00,3500.00,Operating Costs & Rent - M21,,FALSE
JNL1367,3,2026-03-28,ENT001,100,0.00,15500.00,-15500.00,Operating Costs & Rent - M21,,FALSE
JNL1368,1,2026-03-15,ENT002,100,364000.00,0.00,364000.00,Food Retailing Sales - M21,,FALSE
JNL1368,2,2026-03-15,ENT002,600,0.00,364000.00,-364000.00,Food Retailing Sales - M21,,FALSE
JNL1369,1,2026-03-15,ENT002,700,211120.00,0.00,211120.00,Produce Inventory Purchase - M21,,FALSE
JNL1369,2,2026-03-15,ENT002,100,0.00,211120.00,-211120.00,Produce Inventory Purchase - M21,,FALSE
JNL1370,1,2026-03-28,ENT002,800,58500.00,0.00,58500.00,Monthly Payroll - M21,,FALSE
JNL1370,2,2026-03-28,ENT002,805,7020.00,0.00,7020.00,Monthly Payroll - M21,,FALSE
JNL1370,3,2026-03-28,ENT002,100,0.00,58500.00,-58500.00,Monthly Payroll - M21,,FALSE
JNL1370,4,2026-03-28,ENT002,330,0.00,7020.00,-7020.00,Monthly Payroll - M21,,FALSE
JNL1371,1,2026-03-28,ENT002,820,8500.00,0.00,8500.00,Store Operating Costs - M21,,FALSE
JNL1371,2,2026-03-28,ENT002,810,4200.00,0.00,4200.00,Store Operating Costs - M21,,FALSE
JNL1371,3,2026-03-28,ENT002,100,0.00,12700.00,-12700.00,Store Operating Costs - M21,,FALSE
JNL1372,1,2026-03-15,ENT003,110,247000.00,0.00,247000.00,Freight Service Revenue - M21,,FALSE
JNL1372,2,2026-03-15,ENT003,600,0.00,247000.00,-247000.00,Freight Service Revenue - M21,,FALSE
JNL1373,1,2026-03-15,ENT003,710,69160.00,0.00,69160.00,Fleet Fuel & Maintenance - M21,,FALSE
JNL1373,2,2026-03-15,ENT003,810,6500.00,0.00,6500.00,Fleet Fuel & Maintenance - M21,,FALSE
JNL1373,3,2026-03-15,ENT003,100,0.00,75660.00,-75660.00,Fleet Fuel & Maintenance - M21,,FALSE
JNL1374,1,2026-03-28,ENT003,800,78000.00,0.00,78000.00,Driver Payroll - M21,,FALSE
JNL1374,2,2026-03-28,ENT003,805,9360.00,0.00,9360.00,Driver Payroll - M21,,FALSE
JNL1374,3,2026-03-28,ENT003,100,0.00,78000.00,-78000.00,Driver Payroll - M21,,FALSE
JNL1374,4,2026-03-28,ENT003,330,0.00,9360.00,-9360.00,Driver Payroll - M21,,FALSE
JNL1375,1,2026-03-28,ENT003,890,4500.00,0.00,4500.00,Vehicle Depreciation - M21,,FALSE
JNL1375,2,2026-03-28,ENT003,210,0.00,4500.00,-4500.00,Vehicle Depreciation - M21,,FALSE
JNL1376,1,2026-03-15,ENT004,100,25000.00,0.00,25000.00,Property Rent Collection - M21,,FALSE
JNL1376,2,2026-03-15,ENT004,620,0.00,25000.00,-25000.00,Property Rent Collection - M21,,FALSE
JNL1377,1,2026-03-28,ENT004,895,5200.00,0.00,5200.00,Bank Facility Interest - M21,,FALSE
JNL1377,2,2026-03-28,ENT004,100,0.00,5200.00,-5200.00,Bank Facility Interest - M21,,FALSE
JNL1378,1,2026-03-28,ENT001,180,16000.00,0.00,16000.00,Intercompany Management Fees Charged,GROUP,TRUE
JNL1378,2,2026-03-28,ENT001,650,0.00,16000.00,-16000.00,Intercompany Management Fees Charged,GROUP,TRUE
JNL1379,1,2026-03-28,ENT002,880,10000.00,0.00,10000.00,Intercompany Management Fee Incurred,ENT001,TRUE
JNL1379,2,2026-03-28,ENT002,380,0.00,10000.00,-10000.00,Intercompany Management Fee Incurred,ENT001,TRUE
JNL1380,1,2026-03-28,ENT003,880,6000.00,0.00,6000.00,Intercompany Management Fee Incurred,ENT001,TRUE
JNL1380,2,2026-03-28,ENT003,380,0.00,6000.00,-6000.00,Intercompany Management Fee Incurred,ENT001,TRUE
JNL1381,1,2026-03-28,ENT003,180,8500.00,0.00,8500.00,Internal Logistics Billed to Draynor,ENT002,TRUE
JNL1381,2,2026-03-28,ENT003,600,0.00,8500.00,-8500.00,Internal Logistics Billed to Draynor,ENT002,TRUE
JNL1382,1,2026-03-28,ENT002,750,8500.00,0.00,8500.00,Intercompany Freight Costs,ENT003,TRUE
JNL1382,2,2026-03-28,ENT002,380,0.00,8500.00,-8500.00,Intercompany Freight Costs,ENT003,TRUE
JNL1383,1,2026-04-15,ENT001,110,210400.00,0.00,210400.00,Advisory Billings - M22,,FALSE
JNL1383,2,2026-04-15,ENT001,610,0.00,210400.00,-210400.00,Advisory Billings - M22,,FALSE
JNL1384,1,2026-04-28,ENT001,800,98625.00,0.00,98625.00,Monthly Payroll - M22,,FALSE
JNL1384,2,2026-04-28,ENT001,805,11835.00,0.00,11835.00,Monthly Payroll - M22,,FALSE
JNL1384,3,2026-04-28,ENT001,100,0.00,98625.00,-98625.00,Monthly Payroll - M22,,FALSE
JNL1384,4,2026-04-28,ENT001,330,0.00,11835.00,-11835.00,Monthly Payroll - M22,,FALSE
JNL1385,1,2026-04-28,ENT001,820,12000.00,0.00,12000.00,Operating Costs & Rent - M22,,FALSE
JNL1385,2,2026-04-28,ENT001,830,3500.00,0.00,3500.00,Operating Costs & Rent - M22,,FALSE
JNL1385,3,2026-04-28,ENT001,100,0.00,15500.00,-15500.00,Operating Costs & Rent - M22,,FALSE
JNL1386,1,2026-04-15,ENT002,100,368200.00,0.00,368200.00,Food Retailing Sales - M22,,FALSE
JNL1386,2,2026-04-15,ENT002,600,0.00,368200.00,-368200.00,Food Retailing Sales - M22,,FALSE
JNL1387,1,2026-04-15,ENT002,700,213556.00,0.00,213556.00,Produce Inventory Purchase - M22,,FALSE
JNL1387,2,2026-04-15,ENT002,100,0.00,213556.00,-213556.00,Produce Inventory Purchase - M22,,FALSE
JNL1388,1,2026-04-28,ENT002,800,59175.00,0.00,59175.00,Monthly Payroll - M22,,FALSE
JNL1388,2,2026-04-28,ENT002,805,7101.00,0.00,7101.00,Monthly Payroll - M22,,FALSE
JNL1388,3,2026-04-28,ENT002,100,0.00,59175.00,-59175.00,Monthly Payroll - M22,,FALSE
JNL1388,4,2026-04-28,ENT002,330,0.00,7101.00,-7101.00,Monthly Payroll - M22,,FALSE
JNL1389,1,2026-04-28,ENT002,820,8500.00,0.00,8500.00,Store Operating Costs - M22,,FALSE
JNL1389,2,2026-04-28,ENT002,810,4200.00,0.00,4200.00,Store Operating Costs - M22,,FALSE
JNL1389,3,2026-04-28,ENT002,100,0.00,12700.00,-12700.00,Store Operating Costs - M22,,FALSE
JNL1390,1,2026-04-15,ENT003,110,249850.00,0.00,249850.00,Freight Service Revenue - M22,,FALSE
JNL1390,2,2026-04-15,ENT003,600,0.00,249850.00,-249850.00,Freight Service Revenue - M22,,FALSE
JNL1391,1,2026-04-15,ENT003,710,69958.00,0.00,69958.00,Fleet Fuel & Maintenance - M22,,FALSE
JNL1391,2,2026-04-15,ENT003,810,6500.00,0.00,6500.00,Fleet Fuel & Maintenance - M22,,FALSE
JNL1391,3,2026-04-15,ENT003,100,0.00,76458.00,-76458.00,Fleet Fuel & Maintenance - M22,,FALSE
JNL1392,1,2026-04-28,ENT003,800,78900.00,0.00,78900.00,Driver Payroll - M22,,FALSE
JNL1392,2,2026-04-28,ENT003,805,9468.00,0.00,9468.00,Driver Payroll - M22,,FALSE
JNL1392,3,2026-04-28,ENT003,100,0.00,78900.00,-78900.00,Driver Payroll - M22,,FALSE
JNL1392,4,2026-04-28,ENT003,330,0.00,9468.00,-9468.00,Driver Payroll - M22,,FALSE
JNL1393,1,2026-04-28,ENT003,890,4500.00,0.00,4500.00,Vehicle Depreciation - M22,,FALSE
JNL1393,2,2026-04-28,ENT003,210,0.00,4500.00,-4500.00,Vehicle Depreciation - M22,,FALSE
JNL1394,1,2026-04-15,ENT004,100,25000.00,0.00,25000.00,Property Rent Collection - M22,,FALSE
JNL1394,2,2026-04-15,ENT004,620,0.00,25000.00,-25000.00,Property Rent Collection - M22,,FALSE
JNL1395,1,2026-04-28,ENT004,895,5200.00,0.00,5200.00,Bank Facility Interest - M22,,FALSE
JNL1395,2,2026-04-28,ENT004,100,0.00,5200.00,-5200.00,Bank Facility Interest - M22,,FALSE
JNL1396,1,2026-04-28,ENT001,180,16000.00,0.00,16000.00,Intercompany Management Fees Charged,GROUP,TRUE
JNL1396,2,2026-04-28,ENT001,650,0.00,16000.00,-16000.00,Intercompany Management Fees Charged,GROUP,TRUE
JNL1397,1,2026-04-28,ENT002,880,10000.00,0.00,10000.00,Intercompany Management Fee Incurred,ENT001,TRUE
JNL1397,2,2026-04-28,ENT002,380,0.00,10000.00,-10000.00,Intercompany Management Fee Incurred,ENT001,TRUE
JNL1398,1,2026-04-28,ENT003,880,6000.00,0.00,6000.00,Intercompany Management Fee Incurred,ENT001,TRUE
JNL1398,2,2026-04-28,ENT003,380,0.00,6000.00,-6000.00,Intercompany Management Fee Incurred,ENT001,TRUE
JNL1399,1,2026-04-28,ENT003,180,8500.00,0.00,8500.00,Internal Logistics Billed to Draynor,ENT002,TRUE
JNL1399,2,2026-04-28,ENT003,600,0.00,8500.00,-8500.00,Internal Logistics Billed to Draynor,ENT002,TRUE
JNL1400,1,2026-04-28,ENT002,750,8500.00,0.00,8500.00,Intercompany Freight Costs,ENT003,TRUE
JNL1400,2,2026-04-28,ENT002,380,0.00,8500.00,-8500.00,Intercompany Freight Costs,ENT003,TRUE
JNL1401,1,2026-05-15,ENT001,110,212800.00,0.00,212800.00,Advisory Billings - M23,,FALSE
JNL1401,2,2026-05-15,ENT001,610,0.00,212800.00,-212800.00,Advisory Billings - M23,,FALSE
JNL1402,1,2026-05-28,ENT001,800,99750.00,0.00,99750.00,Monthly Payroll - M23,,FALSE
JNL1402,2,2026-05-28,ENT001,805,11970.00,0.00,11970.00,Monthly Payroll - M23,,FALSE
JNL1402,3,2026-05-28,ENT001,100,0.00,99750.00,-99750.00,Monthly Payroll - M23,,FALSE
JNL1402,4,2026-05-28,ENT001,330,0.00,11970.00,-11970.00,Monthly Payroll - M23,,FALSE
JNL1403,1,2026-05-28,ENT001,820,12000.00,0.00,12000.00,Operating Costs & Rent - M23,,FALSE
JNL1403,2,2026-05-28,ENT001,830,3500.00,0.00,3500.00,Operating Costs & Rent - M23,,FALSE
JNL1403,3,2026-05-28,ENT001,100,0.00,15500.00,-15500.00,Operating Costs & Rent - M23,,FALSE
JNL1404,1,2026-05-15,ENT002,100,372400.00,0.00,372400.00,Food Retailing Sales - M23,,FALSE
JNL1404,2,2026-05-15,ENT002,600,0.00,372400.00,-372400.00,Food Retailing Sales - M23,,FALSE
JNL1405,1,2026-05-15,ENT002,700,215992.00,0.00,215992.00,Produce Inventory Purchase - M23,,FALSE
JNL1405,2,2026-05-15,ENT002,100,0.00,215992.00,-215992.00,Produce Inventory Purchase - M23,,FALSE
JNL1406,1,2026-05-28,ENT002,800,59850.00,0.00,59850.00,Monthly Payroll - M23,,FALSE
JNL1406,2,2026-05-28,ENT002,805,7182.00,0.00,7182.00,Monthly Payroll - M23,,FALSE
JNL1406,3,2026-05-28,ENT002,100,0.00,59850.00,-59850.00,Monthly Payroll - M23,,FALSE
JNL1406,4,2026-05-28,ENT002,330,0.00,7182.00,-7182.00,Monthly Payroll - M23,,FALSE
JNL1407,1,2026-05-28,ENT002,820,8500.00,0.00,8500.00,Store Operating Costs - M23,,FALSE
JNL1407,2,2026-05-28,ENT002,810,4200.00,0.00,4200.00,Store Operating Costs - M23,,FALSE
JNL1407,3,2026-05-28,ENT002,100,0.00,12700.00,-12700.00,Store Operating Costs - M23,,FALSE
JNL1408,1,2026-05-15,ENT003,110,252700.00,0.00,252700.00,Freight Service Revenue - M23,,FALSE
JNL1408,2,2026-05-15,ENT003,600,0.00,252700.00,-252700.00,Freight Service Revenue - M23,,FALSE
JNL1409,1,2026-05-15,ENT003,710,70756.00,0.00,70756.00,Fleet Fuel & Maintenance - M23,,FALSE
JNL1409,2,2026-05-15,ENT003,810,6500.00,0.00,6500.00,Fleet Fuel & Maintenance - M23,,FALSE
JNL1409,3,2026-05-15,ENT003,100,0.00,77256.00,-77256.00,Fleet Fuel & Maintenance - M23,,FALSE
JNL1410,1,2026-05-28,ENT003,800,79800.00,0.00,79800.00,Driver Payroll - M23,,FALSE
JNL1410,2,2026-05-28,ENT003,805,9576.00,0.00,9576.00,Driver Payroll - M23,,FALSE
JNL1410,3,2026-05-28,ENT003,100,0.00,79800.00,-79800.00,Driver Payroll - M23,,FALSE
JNL1410,4,2026-05-28,ENT003,330,0.00,9576.00,-9576.00,Driver Payroll - M23,,FALSE
JNL1411,1,2026-05-28,ENT003,890,4500.00,0.00,4500.00,Vehicle Depreciation - M23,,FALSE
JNL1411,2,2026-05-28,ENT003,210,0.00,4500.00,-4500.00,Vehicle Depreciation - M23,,FALSE
JNL1412,1,2026-05-15,ENT004,100,25000.00,0.00,25000.00,Property Rent Collection - M23,,FALSE
JNL1412,2,2026-05-15,ENT004,620,0.00,25000.00,-25000.00,Property Rent Collection - M23,,FALSE
JNL1413,1,2026-05-28,ENT004,895,5200.00,0.00,5200.00,Bank Facility Interest - M23,,FALSE
JNL1413,2,2026-05-28,ENT004,100,0.00,5200.00,-5200.00,Bank Facility Interest - M23,,FALSE
JNL1414,1,2026-05-28,ENT001,180,16000.00,0.00,16000.00,Intercompany Management Fees Charged,GROUP,TRUE
JNL1414,2,2026-05-28,ENT001,650,0.00,16000.00,-16000.00,Intercompany Management Fees Charged,GROUP,TRUE
JNL1415,1,2026-05-28,ENT002,880,10000.00,0.00,10000.00,Intercompany Management Fee Incurred,ENT001,TRUE
JNL1415,2,2026-05-28,ENT002,380,0.00,10000.00,-10000.00,Intercompany Management Fee Incurred,ENT001,TRUE
JNL1416,1,2026-05-28,ENT003,880,6000.00,0.00,6000.00,Intercompany Management Fee Incurred,ENT001,TRUE
JNL1416,2,2026-05-28,ENT003,380,0.00,6000.00,-6000.00,Intercompany Management Fee Incurred,ENT001,TRUE
JNL1417,1,2026-05-28,ENT003,180,8500.00,0.00,8500.00,Internal Logistics Billed to Draynor,ENT002,TRUE
JNL1417,2,2026-05-28,ENT003,600,0.00,8500.00,-8500.00,Internal Logistics Billed to Draynor,ENT002,TRUE
JNL1418,1,2026-05-28,ENT002,750,8500.00,0.00,8500.00,Intercompany Freight Costs,ENT003,TRUE
JNL1418,2,2026-05-28,ENT002,380,0.00,8500.00,-8500.00,Intercompany Freight Costs,ENT003,TRUE
JNL1419,1,2026-06-15,ENT001,110,215200.00,0.00,215200.00,Advisory Billings - M24,,FALSE
JNL1419,2,2026-06-15,ENT001,610,0.00,215200.00,-215200.00,Advisory Billings - M24,,FALSE
JNL1420,1,2026-06-28,ENT001,800,100875.00,0.00,100875.00,Monthly Payroll - M24,,FALSE
JNL1420,2,2026-06-28,ENT001,805,12105.00,0.00,12105.00,Monthly Payroll - M24,,FALSE
JNL1420,3,2026-06-28,ENT001,100,0.00,100875.00,-100875.00,Monthly Payroll - M24,,FALSE
JNL1420,4,2026-06-28,ENT001,330,0.00,12105.00,-12105.00,Monthly Payroll - M24,,FALSE
JNL1421,1,2026-06-28,ENT001,820,12000.00,0.00,12000.00,Operating Costs & Rent - M24,,FALSE
JNL1421,2,2026-06-28,ENT001,830,3500.00,0.00,3500.00,Operating Costs & Rent - M24,,FALSE
JNL1421,3,2026-06-28,ENT001,100,0.00,15500.00,-15500.00,Operating Costs & Rent - M24,,FALSE
JNL1422,1,2026-06-15,ENT002,100,376600.00,0.00,376600.00,Food Retailing Sales - M24,,FALSE
JNL1422,2,2026-06-15,ENT002,600,0.00,376600.00,-376600.00,Food Retailing Sales - M24,,FALSE
JNL1423,1,2026-06-15,ENT002,700,218428.00,0.00,218428.00,Produce Inventory Purchase - M24,,FALSE
JNL1423,2,2026-06-15,ENT002,100,0.00,218428.00,-218428.00,Produce Inventory Purchase - M24,,FALSE
JNL1424,1,2026-06-28,ENT002,800,60525.00,0.00,60525.00,Monthly Payroll - M24,,FALSE
JNL1424,2,2026-06-28,ENT002,805,7263.00,0.00,7263.00,Monthly Payroll - M24,,FALSE
JNL1424,3,2026-06-28,ENT002,100,0.00,60525.00,-60525.00,Monthly Payroll - M24,,FALSE
JNL1424,4,2026-06-28,ENT002,330,0.00,7263.00,-7263.00,Monthly Payroll - M24,,FALSE
JNL1425,1,2026-06-28,ENT002,820,8500.00,0.00,8500.00,Store Operating Costs - M24,,FALSE
JNL1425,2,2026-06-28,ENT002,810,4200.00,0.00,4200.00,Store Operating Costs - M24,,FALSE
JNL1425,3,2026-06-28,ENT002,100,0.00,12700.00,-12700.00,Store Operating Costs - M24,,FALSE
JNL1426,1,2026-06-15,ENT003,110,255550.00,0.00,255550.00,Freight Service Revenue - M24,,FALSE
JNL1426,2,2026-06-15,ENT003,600,0.00,255550.00,-255550.00,Freight Service Revenue - M24,,FALSE
JNL1427,1,2026-06-15,ENT003,710,71554.00,0.00,71554.00,Fleet Fuel & Maintenance - M24,,FALSE
JNL1427,2,2026-06-15,ENT003,810,6500.00,0.00,6500.00,Fleet Fuel & Maintenance - M24,,FALSE
JNL1427,3,2026-06-15,ENT003,100,0.00,78054.00,-78054.00,Fleet Fuel & Maintenance - M24,,FALSE
JNL1428,1,2026-06-28,ENT003,800,80700.00,0.00,80700.00,Driver Payroll - M24,,FALSE
JNL1428,2,2026-06-28,ENT003,805,9684.00,0.00,9684.00,Driver Payroll - M24,,FALSE
JNL1428,3,2026-06-28,ENT003,100,0.00,80700.00,-80700.00,Driver Payroll - M24,,FALSE
JNL1428,4,2026-06-28,ENT003,330,0.00,9684.00,-9684.00,Driver Payroll - M24,,FALSE
JNL1429,1,2026-06-28,ENT003,890,4500.00,0.00,4500.00,Vehicle Depreciation - M24,,FALSE
JNL1429,2,2026-06-28,ENT003,210,0.00,4500.00,-4500.00,Vehicle Depreciation - M24,,FALSE
JNL1430,1,2026-06-15,ENT004,100,25000.00,0.00,25000.00,Property Rent Collection - M24,,FALSE
JNL1430,2,2026-06-15,ENT004,620,0.00,25000.00,-25000.00,Property Rent Collection - M24,,FALSE
JNL1431,1,2026-06-28,ENT004,895,5200.00,0.00,5200.00,Bank Facility Interest - M24,,FALSE
JNL1431,2,2026-06-28,ENT004,100,0.00,5200.00,-5200.00,Bank Facility Interest - M24,,FALSE
JNL1432,1,2026-06-28,ENT001,180,16000.00,0.00,16000.00,Intercompany Management Fees Charged,GROUP,TRUE
JNL1432,2,2026-06-28,ENT001,650,0.00,16000.00,-16000.00,Intercompany Management Fees Charged,GROUP,TRUE
JNL1433,1,2026-06-28,ENT002,880,10000.00,0.00,10000.00,Intercompany Management Fee Incurred,ENT001,TRUE
JNL1433,2,2026-06-28,ENT002,380,0.00,10000.00,-10000.00,Intercompany Management Fee Incurred,ENT001,TRUE
JNL1434,1,2026-06-28,ENT003,880,6000.00,0.00,6000.00,Intercompany Management Fee Incurred,ENT001,TRUE
JNL1434,2,2026-06-28,ENT003,380,0.00,6000.00,-6000.00,Intercompany Management Fee Incurred,ENT001,TRUE
JNL1435,1,2026-06-28,ENT003,180,8500.00,0.00,8500.00,Internal Logistics Billed to Draynor,ENT002,TRUE
JNL1435,2,2026-06-28,ENT003,600,0.00,8500.00,-8500.00,Internal Logistics Billed to Draynor,ENT002,TRUE
JNL1436,1,2026-06-28,ENT002,750,8500.00,0.00,8500.00,Intercompany Freight Costs,ENT003,TRUE
JNL1436,2,2026-06-28,ENT002,380,0.00,8500.00,-8500.00,Intercompany Freight Costs,ENT003,TRUE
JNL1437,1,2026-07-15,ENT001,110,217600.00,0.00,217600.00,Advisory Billings - M25,,FALSE
JNL1437,2,2026-07-15,ENT001,610,0.00,217600.00,-217600.00,Advisory Billings - M25,,FALSE
JNL1438,1,2026-07-28,ENT001,800,102000.00,0.00,102000.00,Monthly Payroll - M25,,FALSE
JNL1438,2,2026-07-28,ENT001,805,12240.00,0.00,12240.00,Monthly Payroll - M25,,FALSE
JNL1438,3,2026-07-28,ENT001,100,0.00,102000.00,-102000.00,Monthly Payroll - M25,,FALSE
JNL1438,4,2026-07-28,ENT001,330,0.00,12240.00,-12240.00,Monthly Payroll - M25,,FALSE
JNL1439,1,2026-07-28,ENT001,820,12000.00,0.00,12000.00,Operating Costs & Rent - M25,,FALSE
JNL1439,2,2026-07-28,ENT001,830,3500.00,0.00,3500.00,Operating Costs & Rent - M25,,FALSE
JNL1439,3,2026-07-28,ENT001,100,0.00,15500.00,-15500.00,Operating Costs & Rent - M25,,FALSE
JNL1440,1,2026-07-15,ENT002,100,380800.00,0.00,380800.00,Food Retailing Sales - M25,,FALSE
JNL1440,2,2026-07-15,ENT002,600,0.00,380800.00,-380800.00,Food Retailing Sales - M25,,FALSE
JNL1441,1,2026-07-15,ENT002,700,220864.00,0.00,220864.00,Produce Inventory Purchase - M25,,FALSE
JNL1441,2,2026-07-15,ENT002,100,0.00,220864.00,-220864.00,Produce Inventory Purchase - M25,,FALSE
JNL1442,1,2026-07-28,ENT002,800,61200.00,0.00,61200.00,Monthly Payroll - M25,,FALSE
JNL1442,2,2026-07-28,ENT002,805,7344.00,0.00,7344.00,Monthly Payroll - M25,,FALSE
JNL1442,3,2026-07-28,ENT002,100,0.00,61200.00,-61200.00,Monthly Payroll - M25,,FALSE
JNL1442,4,2026-07-28,ENT002,330,0.00,7344.00,-7344.00,Monthly Payroll - M25,,FALSE
JNL1443,1,2026-07-28,ENT002,820,8500.00,0.00,8500.00,Store Operating Costs - M25,,FALSE
JNL1443,2,2026-07-28,ENT002,810,4200.00,0.00,4200.00,Store Operating Costs - M25,,FALSE
JNL1443,3,2026-07-28,ENT002,100,0.00,12700.00,-12700.00,Store Operating Costs - M25,,FALSE
JNL1444,1,2026-07-15,ENT003,110,258400.00,0.00,258400.00,Freight Service Revenue - M25,,FALSE
JNL1444,2,2026-07-15,ENT003,600,0.00,258400.00,-258400.00,Freight Service Revenue - M25,,FALSE
JNL1445,1,2026-07-15,ENT003,710,72352.00,0.00,72352.00,Fleet Fuel & Maintenance - M25,,FALSE
JNL1445,2,2026-07-15,ENT003,810,6500.00,0.00,6500.00,Fleet Fuel & Maintenance - M25,,FALSE
JNL1445,3,2026-07-15,ENT003,100,0.00,78852.00,-78852.00,Fleet Fuel & Maintenance - M25,,FALSE
JNL1446,1,2026-07-28,ENT003,800,81600.00,0.00,81600.00,Driver Payroll - M25,,FALSE
JNL1446,2,2026-07-28,ENT003,805,9792.00,0.00,9792.00,Driver Payroll - M25,,FALSE
JNL1446,3,2026-07-28,ENT003,100,0.00,81600.00,-81600.00,Driver Payroll - M25,,FALSE
JNL1446,4,2026-07-28,ENT003,330,0.00,9792.00,-9792.00,Driver Payroll - M25,,FALSE
JNL1447,1,2026-07-28,ENT003,890,4500.00,0.00,4500.00,Vehicle Depreciation - M25,,FALSE
JNL1447,2,2026-07-28,ENT003,210,0.00,4500.00,-4500.00,Vehicle Depreciation - M25,,FALSE
JNL1448,1,2026-07-15,ENT004,100,25000.00,0.00,25000.00,Property Rent Collection - M25,,FALSE
JNL1448,2,2026-07-15,ENT004,620,0.00,25000.00,-25000.00,Property Rent Collection - M25,,FALSE
JNL1449,1,2026-07-28,ENT004,895,5200.00,0.00,5200.00,Bank Facility Interest - M25,,FALSE
JNL1449,2,2026-07-28,ENT004,100,0.00,5200.00,-5200.00,Bank Facility Interest - M25,,FALSE
JNL1450,1,2026-07-28,ENT001,180,16000.00,0.00,16000.00,Intercompany Management Fees Charged,GROUP,TRUE
JNL1450,2,2026-07-28,ENT001,650,0.00,16000.00,-16000.00,Intercompany Management Fees Charged,GROUP,TRUE
JNL1451,1,2026-07-28,ENT002,880,10000.00,0.00,10000.00,Intercompany Management Fee Incurred,ENT001,TRUE
JNL1451,2,2026-07-28,ENT002,380,0.00,10000.00,-10000.00,Intercompany Management Fee Incurred,ENT001,TRUE
JNL1452,1,2026-07-28,ENT003,880,6000.00,0.00,6000.00,Intercompany Management Fee Incurred,ENT001,TRUE
JNL1452,2,2026-07-28,ENT003,380,0.00,6000.00,-6000.00,Intercompany Management Fee Incurred,ENT001,TRUE
JNL1453,1,2026-07-28,ENT003,180,8500.00,0.00,8500.00,Internal Logistics Billed to Draynor,ENT002,TRUE
JNL1453,2,2026-07-28,ENT003,600,0.00,8500.00,-8500.00,Internal Logistics Billed to Draynor,ENT002,TRUE
JNL1454,1,2026-07-28,ENT002,750,8500.00,0.00,8500.00,Intercompany Freight Costs,ENT003,TRUE
JNL1454,2,2026-07-28,ENT002,380,0.00,8500.00,-8500.00,Intercompany Freight Costs,ENT003,TRUE
JNL1455,1,2026-08-15,ENT001,110,220000.00,0.00,220000.00,Advisory Billings - M26,,FALSE
JNL1455,2,2026-08-15,ENT001,610,0.00,220000.00,-220000.00,Advisory Billings - M26,,FALSE
JNL1456,1,2026-08-28,ENT001,800,103125.00,0.00,103125.00,Monthly Payroll - M26,,FALSE
JNL1456,2,2026-08-28,ENT001,805,12375.00,0.00,12375.00,Monthly Payroll - M26,,FALSE
JNL1456,3,2026-08-28,ENT001,100,0.00,103125.00,-103125.00,Monthly Payroll - M26,,FALSE
JNL1456,4,2026-08-28,ENT001,330,0.00,12375.00,-12375.00,Monthly Payroll - M26,,FALSE
JNL1457,1,2026-08-28,ENT001,820,12000.00,0.00,12000.00,Operating Costs & Rent - M26,,FALSE
JNL1457,2,2026-08-28,ENT001,830,3500.00,0.00,3500.00,Operating Costs & Rent - M26,,FALSE
JNL1457,3,2026-08-28,ENT001,100,0.00,15500.00,-15500.00,Operating Costs & Rent - M26,,FALSE
JNL1458,1,2026-08-15,ENT002,100,385000.00,0.00,385000.00,Food Retailing Sales - M26,,FALSE
JNL1458,2,2026-08-15,ENT002,600,0.00,385000.00,-385000.00,Food Retailing Sales - M26,,FALSE
JNL1459,1,2026-08-15,ENT002,700,223300.00,0.00,223300.00,Produce Inventory Purchase - M26,,FALSE
JNL1459,2,2026-08-15,ENT002,100,0.00,223300.00,-223300.00,Produce Inventory Purchase - M26,,FALSE
JNL1460,1,2026-08-28,ENT002,800,61875.00,0.00,61875.00,Monthly Payroll - M26,,FALSE
JNL1460,2,2026-08-28,ENT002,805,7425.00,0.00,7425.00,Monthly Payroll - M26,,FALSE
JNL1460,3,2026-08-28,ENT002,100,0.00,61875.00,-61875.00,Monthly Payroll - M26,,FALSE
JNL1460,4,2026-08-28,ENT002,330,0.00,7425.00,-7425.00,Monthly Payroll - M26,,FALSE
JNL1461,1,2026-08-28,ENT002,820,8500.00,0.00,8500.00,Store Operating Costs - M26,,FALSE
JNL1461,2,2026-08-28,ENT002,810,4200.00,0.00,4200.00,Store Operating Costs - M26,,FALSE
JNL1461,3,2026-08-28,ENT002,100,0.00,12700.00,-12700.00,Store Operating Costs - M26,,FALSE
JNL1462,1,2026-08-15,ENT003,110,261250.00,0.00,261250.00,Freight Service Revenue - M26,,FALSE
JNL1462,2,2026-08-15,ENT003,600,0.00,261250.00,-261250.00,Freight Service Revenue - M26,,FALSE
JNL1463,1,2026-08-15,ENT003,710,73150.00,0.00,73150.00,Fleet Fuel & Maintenance - M26,,FALSE
JNL1463,2,2026-08-15,ENT003,810,6500.00,0.00,6500.00,Fleet Fuel & Maintenance - M26,,FALSE
JNL1463,3,2026-08-15,ENT003,100,0.00,79650.00,-79650.00,Fleet Fuel & Maintenance - M26,,FALSE
JNL1464,1,2026-08-28,ENT003,800,82500.00,0.00,82500.00,Driver Payroll - M26,,FALSE
JNL1464,2,2026-08-28,ENT003,805,9900.00,0.00,9900.00,Driver Payroll - M26,,FALSE
JNL1464,3,2026-08-28,ENT003,100,0.00,82500.00,-82500.00,Driver Payroll - M26,,FALSE
JNL1464,4,2026-08-28,ENT003,330,0.00,9900.00,-9900.00,Driver Payroll - M26,,FALSE
JNL1465,1,2026-08-28,ENT003,890,4500.00,0.00,4500.00,Vehicle Depreciation - M26,,FALSE
JNL1465,2,2026-08-28,ENT003,210,0.00,4500.00,-4500.00,Vehicle Depreciation - M26,,FALSE
JNL1466,1,2026-08-15,ENT004,100,25000.00,0.00,25000.00,Property Rent Collection - M26,,FALSE
JNL1466,2,2026-08-15,ENT004,620,0.00,25000.00,-25000.00,Property Rent Collection - M26,,FALSE
JNL1467,1,2026-08-28,ENT004,895,5200.00,0.00,5200.00,Bank Facility Interest - M26,,FALSE
JNL1467,2,2026-08-28,ENT004,100,0.00,5200.00,-5200.00,Bank Facility Interest - M26,,FALSE
JNL1468,1,2026-08-28,ENT001,180,16000.00,0.00,16000.00,Intercompany Management Fees Charged,GROUP,TRUE
JNL1468,2,2026-08-28,ENT001,650,0.00,16000.00,-16000.00,Intercompany Management Fees Charged,GROUP,TRUE
JNL1469,1,2026-08-28,ENT002,880,10000.00,0.00,10000.00,Intercompany Management Fee Incurred,ENT001,TRUE
JNL1469,2,2026-08-28,ENT002,380,0.00,10000.00,-10000.00,Intercompany Management Fee Incurred,ENT001,TRUE
JNL1470,1,2026-08-28,ENT003,880,6000.00,0.00,6000.00,Intercompany Management Fee Incurred,ENT001,TRUE
JNL1470,2,2026-08-28,ENT003,380,0.00,6000.00,-6000.00,Intercompany Management Fee Incurred,ENT001,TRUE
JNL1471,1,2026-08-28,ENT003,180,8500.00,0.00,8500.00,Internal Logistics Billed to Draynor,ENT002,TRUE
JNL1471,2,2026-08-28,ENT003,600,0.00,8500.00,-8500.00,Internal Logistics Billed to Draynor,ENT002,TRUE
JNL1472,1,2026-08-28,ENT002,750,8500.00,0.00,8500.00,Intercompany Freight Costs,ENT003,TRUE
JNL1472,2,2026-08-28,ENT002,380,0.00,8500.00,-8500.00,Intercompany Freight Costs,ENT003,TRUE
JNL1473,1,2026-09-15,ENT001,110,222400.00,0.00,222400.00,Advisory Billings - M27,,FALSE
JNL1473,2,2026-09-15,ENT001,610,0.00,222400.00,-222400.00,Advisory Billings - M27,,FALSE
JNL1474,1,2026-09-28,ENT001,800,104250.00,0.00,104250.00,Monthly Payroll - M27,,FALSE
JNL1474,2,2026-09-28,ENT001,805,12510.00,0.00,12510.00,Monthly Payroll - M27,,FALSE
JNL1474,3,2026-09-28,ENT001,100,0.00,104250.00,-104250.00,Monthly Payroll - M27,,FALSE
JNL1474,4,2026-09-28,ENT001,330,0.00,12510.00,-12510.00,Monthly Payroll - M27,,FALSE
JNL1475,1,2026-09-28,ENT001,820,12000.00,0.00,12000.00,Operating Costs & Rent - M27,,FALSE
JNL1475,2,2026-09-28,ENT001,830,3500.00,0.00,3500.00,Operating Costs & Rent - M27,,FALSE
JNL1475,3,2026-09-28,ENT001,100,0.00,15500.00,-15500.00,Operating Costs & Rent - M27,,FALSE
JNL1476,1,2026-09-15,ENT002,100,389200.00,0.00,389200.00,Food Retailing Sales - M27,,FALSE
JNL1476,2,2026-09-15,ENT002,600,0.00,389200.00,-389200.00,Food Retailing Sales - M27,,FALSE
JNL1477,1,2026-09-15,ENT002,700,225736.00,0.00,225736.00,Produce Inventory Purchase - M27,,FALSE
JNL1477,2,2026-09-15,ENT002,100,0.00,225736.00,-225736.00,Produce Inventory Purchase - M27,,FALSE
JNL1478,1,2026-09-28,ENT002,800,62550.00,0.00,62550.00,Monthly Payroll - M27,,FALSE
JNL1478,2,2026-09-28,ENT002,805,7506.00,0.00,7506.00,Monthly Payroll - M27,,FALSE
JNL1478,3,2026-09-28,ENT002,100,0.00,62550.00,-62550.00,Monthly Payroll - M27,,FALSE
JNL1478,4,2026-09-28,ENT002,330,0.00,7506.00,-7506.00,Monthly Payroll - M27,,FALSE
JNL1479,1,2026-09-28,ENT002,820,8500.00,0.00,8500.00,Store Operating Costs - M27,,FALSE
JNL1479,2,2026-09-28,ENT002,810,4200.00,0.00,4200.00,Store Operating Costs - M27,,FALSE
JNL1479,3,2026-09-28,ENT002,100,0.00,12700.00,-12700.00,Store Operating Costs - M27,,FALSE
JNL1480,1,2026-09-15,ENT003,110,264100.00,0.00,264100.00,Freight Service Revenue - M27,,FALSE
JNL1480,2,2026-09-15,ENT003,600,0.00,264100.00,-264100.00,Freight Service Revenue - M27,,FALSE
JNL1481,1,2026-09-15,ENT003,710,73948.00,0.00,73948.00,Fleet Fuel & Maintenance - M27,,FALSE
JNL1481,2,2026-09-15,ENT003,810,6500.00,0.00,6500.00,Fleet Fuel & Maintenance - M27,,FALSE
JNL1481,3,2026-09-15,ENT003,100,0.00,80448.00,-80448.00,Fleet Fuel & Maintenance - M27,,FALSE
JNL1482,1,2026-09-28,ENT003,800,83400.00,0.00,83400.00,Driver Payroll - M27,,FALSE
JNL1482,2,2026-09-28,ENT003,805,10008.00,0.00,10008.00,Driver Payroll - M27,,FALSE
JNL1482,3,2026-09-28,ENT003,100,0.00,83400.00,-83400.00,Driver Payroll - M27,,FALSE
JNL1482,4,2026-09-28,ENT003,330,0.00,10008.00,-10008.00,Driver Payroll - M27,,FALSE
JNL1483,1,2026-09-28,ENT003,890,4500.00,0.00,4500.00,Vehicle Depreciation - M27,,FALSE
JNL1483,2,2026-09-28,ENT003,210,0.00,4500.00,-4500.00,Vehicle Depreciation - M27,,FALSE
JNL1484,1,2026-09-15,ENT004,100,25000.00,0.00,25000.00,Property Rent Collection - M27,,FALSE
JNL1484,2,2026-09-15,ENT004,620,0.00,25000.00,-25000.00,Property Rent Collection - M27,,FALSE
JNL1485,1,2026-09-28,ENT004,895,5200.00,0.00,5200.00,Bank Facility Interest - M27,,FALSE
JNL1485,2,2026-09-28,ENT004,100,0.00,5200.00,-5200.00,Bank Facility Interest - M27,,FALSE
JNL1486,1,2026-09-28,ENT001,180,16000.00,0.00,16000.00,Intercompany Management Fees Charged,GROUP,TRUE
JNL1486,2,2026-09-28,ENT001,650,0.00,16000.00,-16000.00,Intercompany Management Fees Charged,GROUP,TRUE
JNL1487,1,2026-09-28,ENT002,880,10000.00,0.00,10000.00,Intercompany Management Fee Incurred,ENT001,TRUE
JNL1487,2,2026-09-28,ENT002,380,0.00,10000.00,-10000.00,Intercompany Management Fee Incurred,ENT001,TRUE
JNL1488,1,2026-09-28,ENT003,880,6000.00,0.00,6000.00,Intercompany Management Fee Incurred,ENT001,TRUE
JNL1488,2,2026-09-28,ENT003,380,0.00,6000.00,-6000.00,Intercompany Management Fee Incurred,ENT001,TRUE
JNL1489,1,2026-09-28,ENT003,180,8500.00,0.00,8500.00,Internal Logistics Billed to Draynor,ENT002,TRUE
JNL1489,2,2026-09-28,ENT003,600,0.00,8500.00,-8500.00,Internal Logistics Billed to Draynor,ENT002,TRUE
JNL1490,1,2026-09-28,ENT002,750,8500.00,0.00,8500.00,Intercompany Freight Costs,ENT003,TRUE
JNL1490,2,2026-09-28,ENT002,380,0.00,8500.00,-8500.00,Intercompany Freight Costs,ENT003,TRUE
JNL1491,1,2026-10-15,ENT001,110,224800.00,0.00,224800.00,Advisory Billings - M28,,FALSE
JNL1491,2,2026-10-15,ENT001,610,0.00,224800.00,-224800.00,Advisory Billings - M28,,FALSE
JNL1492,1,2026-10-28,ENT001,800,105375.00,0.00,105375.00,Monthly Payroll - M28,,FALSE
JNL1492,2,2026-10-28,ENT001,805,12645.00,0.00,12645.00,Monthly Payroll - M28,,FALSE
JNL1492,3,2026-10-28,ENT001,100,0.00,105375.00,-105375.00,Monthly Payroll - M28,,FALSE
JNL1492,4,2026-10-28,ENT001,330,0.00,12645.00,-12645.00,Monthly Payroll - M28,,FALSE
JNL1493,1,2026-10-28,ENT001,820,12000.00,0.00,12000.00,Operating Costs & Rent - M28,,FALSE
JNL1493,2,2026-10-28,ENT001,830,3500.00,0.00,3500.00,Operating Costs & Rent - M28,,FALSE
JNL1493,3,2026-10-28,ENT001,100,0.00,15500.00,-15500.00,Operating Costs & Rent - M28,,FALSE
JNL1494,1,2026-10-15,ENT002,100,393400.00,0.00,393400.00,Food Retailing Sales - M28,,FALSE
JNL1494,2,2026-10-15,ENT002,600,0.00,393400.00,-393400.00,Food Retailing Sales - M28,,FALSE
JNL1495,1,2026-10-15,ENT002,700,228172.00,0.00,228172.00,Produce Inventory Purchase - M28,,FALSE
JNL1495,2,2026-10-15,ENT002,100,0.00,228172.00,-228172.00,Produce Inventory Purchase - M28,,FALSE
JNL1496,1,2026-10-28,ENT002,800,63225.00,0.00,63225.00,Monthly Payroll - M28,,FALSE
JNL1496,2,2026-10-28,ENT002,805,7587.00,0.00,7587.00,Monthly Payroll - M28,,FALSE
JNL1496,3,2026-10-28,ENT002,100,0.00,63225.00,-63225.00,Monthly Payroll - M28,,FALSE
JNL1496,4,2026-10-28,ENT002,330,0.00,7587.00,-7587.00,Monthly Payroll - M28,,FALSE
JNL1497,1,2026-10-28,ENT002,820,8500.00,0.00,8500.00,Store Operating Costs - M28,,FALSE
JNL1497,2,2026-10-28,ENT002,810,4200.00,0.00,4200.00,Store Operating Costs - M28,,FALSE
JNL1497,3,2026-10-28,ENT002,100,0.00,12700.00,-12700.00,Store Operating Costs - M28,,FALSE
JNL1498,1,2026-10-15,ENT003,110,266950.00,0.00,266950.00,Freight Service Revenue - M28,,FALSE
JNL1498,2,2026-10-15,ENT003,600,0.00,266950.00,-266950.00,Freight Service Revenue - M28,,FALSE
JNL1499,1,2026-10-15,ENT003,710,74746.00,0.00,74746.00,Fleet Fuel & Maintenance - M28,,FALSE
JNL1499,2,2026-10-15,ENT003,810,6500.00,0.00,6500.00,Fleet Fuel & Maintenance - M28,,FALSE
JNL1499,3,2026-10-15,ENT003,100,0.00,81246.00,-81246.00,Fleet Fuel & Maintenance - M28,,FALSE
JNL1500,1,2026-10-28,ENT003,800,84300.00,0.00,84300.00,Driver Payroll - M28,,FALSE
JNL1500,2,2026-10-28,ENT003,805,10116.00,0.00,10116.00,Driver Payroll - M28,,FALSE
JNL1500,3,2026-10-28,ENT003,100,0.00,84300.00,-84300.00,Driver Payroll - M28,,FALSE
JNL1500,4,2026-10-28,ENT003,330,0.00,10116.00,-10116.00,Driver Payroll - M28,,FALSE
JNL1501,1,2026-10-28,ENT003,890,4500.00,0.00,4500.00,Vehicle Depreciation - M28,,FALSE
JNL1501,2,2026-10-28,ENT003,210,0.00,4500.00,-4500.00,Vehicle Depreciation - M28,,FALSE
JNL1502,1,2026-10-15,ENT004,100,25000.00,0.00,25000.00,Property Rent Collection - M28,,FALSE
JNL1502,2,2026-10-15,ENT004,620,0.00,25000.00,-25000.00,Property Rent Collection - M28,,FALSE
JNL1503,1,2026-10-28,ENT004,895,5200.00,0.00,5200.00,Bank Facility Interest - M28,,FALSE
JNL1503,2,2026-10-28,ENT004,100,0.00,5200.00,-5200.00,Bank Facility Interest - M28,,FALSE
JNL1504,1,2026-10-28,ENT001,180,16000.00,0.00,16000.00,Intercompany Management Fees Charged,GROUP,TRUE
JNL1504,2,2026-10-28,ENT001,650,0.00,16000.00,-16000.00,Intercompany Management Fees Charged,GROUP,TRUE
JNL1505,1,2026-10-28,ENT002,880,10000.00,0.00,10000.00,Intercompany Management Fee Incurred,ENT001,TRUE
JNL1505,2,2026-10-28,ENT002,380,0.00,10000.00,-10000.00,Intercompany Management Fee Incurred,ENT001,TRUE
JNL1506,1,2026-10-28,ENT003,880,6000.00,0.00,6000.00,Intercompany Management Fee Incurred,ENT001,TRUE
JNL1506,2,2026-10-28,ENT003,380,0.00,6000.00,-6000.00,Intercompany Management Fee Incurred,ENT001,TRUE
JNL1507,1,2026-10-28,ENT003,180,8500.00,0.00,8500.00,Internal Logistics Billed to Draynor,ENT002,TRUE
JNL1507,2,2026-10-28,ENT003,600,0.00,8500.00,-8500.00,Internal Logistics Billed to Draynor,ENT002,TRUE
JNL1508,1,2026-10-28,ENT002,750,8500.00,0.00,8500.00,Intercompany Freight Costs,ENT003,TRUE
JNL1508,2,2026-10-28,ENT002,380,0.00,8500.00,-8500.00,Intercompany Freight Costs,ENT003,TRUE
JNL1509,1,2026-11-15,ENT001,110,227200.00,0.00,227200.00,Advisory Billings - M29,,FALSE
JNL1509,2,2026-11-15,ENT001,610,0.00,227200.00,-227200.00,Advisory Billings - M29,,FALSE
JNL1510,1,2026-11-28,ENT001,800,106500.00,0.00,106500.00,Monthly Payroll - M29,,FALSE
JNL1510,2,2026-11-28,ENT001,805,12780.00,0.00,12780.00,Monthly Payroll - M29,,FALSE
JNL1510,3,2026-11-28,ENT001,100,0.00,106500.00,-106500.00,Monthly Payroll - M29,,FALSE
JNL1510,4,2026-11-28,ENT001,330,0.00,12780.00,-12780.00,Monthly Payroll - M29,,FALSE
JNL1511,1,2026-11-28,ENT001,820,12000.00,0.00,12000.00,Operating Costs & Rent - M29,,FALSE
JNL1511,2,2026-11-28,ENT001,830,3500.00,0.00,3500.00,Operating Costs & Rent - M29,,FALSE
JNL1511,3,2026-11-28,ENT001,100,0.00,15500.00,-15500.00,Operating Costs & Rent - M29,,FALSE
JNL1512,1,2026-11-15,ENT002,100,397600.00,0.00,397600.00,Food Retailing Sales - M29,,FALSE
JNL1512,2,2026-11-15,ENT002,600,0.00,397600.00,-397600.00,Food Retailing Sales - M29,,FALSE
JNL1513,1,2026-11-15,ENT002,700,230608.00,0.00,230608.00,Produce Inventory Purchase - M29,,FALSE
JNL1513,2,2026-11-15,ENT002,100,0.00,230608.00,-230608.00,Produce Inventory Purchase - M29,,FALSE
JNL1514,1,2026-11-28,ENT002,800,63900.00,0.00,63900.00,Monthly Payroll - M29,,FALSE
JNL1514,2,2026-11-28,ENT002,805,7668.00,0.00,7668.00,Monthly Payroll - M29,,FALSE
JNL1514,3,2026-11-28,ENT002,100,0.00,63900.00,-63900.00,Monthly Payroll - M29,,FALSE
JNL1514,4,2026-11-28,ENT002,330,0.00,7668.00,-7668.00,Monthly Payroll - M29,,FALSE
JNL1515,1,2026-11-28,ENT002,820,8500.00,0.00,8500.00,Store Operating Costs - M29,,FALSE
JNL1515,2,2026-11-28,ENT002,810,4200.00,0.00,4200.00,Store Operating Costs - M29,,FALSE
JNL1515,3,2026-11-28,ENT002,100,0.00,12700.00,-12700.00,Store Operating Costs - M29,,FALSE
JNL1516,1,2026-11-15,ENT003,110,269800.00,0.00,269800.00,Freight Service Revenue - M29,,FALSE
JNL1516,2,2026-11-15,ENT003,600,0.00,269800.00,-269800.00,Freight Service Revenue - M29,,FALSE
JNL1517,1,2026-11-15,ENT003,710,75544.00,0.00,75544.00,Fleet Fuel & Maintenance - M29,,FALSE
JNL1517,2,2026-11-15,ENT003,810,6500.00,0.00,6500.00,Fleet Fuel & Maintenance - M29,,FALSE
JNL1517,3,2026-11-15,ENT003,100,0.00,82044.00,-82044.00,Fleet Fuel & Maintenance - M29,,FALSE
JNL1518,1,2026-11-28,ENT003,800,85200.00,0.00,85200.00,Driver Payroll - M29,,FALSE
JNL1518,2,2026-11-28,ENT003,805,10224.00,0.00,10224.00,Driver Payroll - M29,,FALSE
JNL1518,3,2026-11-28,ENT003,100,0.00,85200.00,-85200.00,Driver Payroll - M29,,FALSE
JNL1518,4,2026-11-28,ENT003,330,0.00,10224.00,-10224.00,Driver Payroll - M29,,FALSE
JNL1519,1,2026-11-28,ENT003,890,4500.00,0.00,4500.00,Vehicle Depreciation - M29,,FALSE
JNL1519,2,2026-11-28,ENT003,210,0.00,4500.00,-4500.00,Vehicle Depreciation - M29,,FALSE
JNL1520,1,2026-11-15,ENT004,100,25000.00,0.00,25000.00,Property Rent Collection - M29,,FALSE
JNL1520,2,2026-11-15,ENT004,620,0.00,25000.00,-25000.00,Property Rent Collection - M29,,FALSE
JNL1521,1,2026-11-28,ENT004,895,5200.00,0.00,5200.00,Bank Facility Interest - M29,,FALSE
JNL1521,2,2026-11-28,ENT004,100,0.00,5200.00,-5200.00,Bank Facility Interest - M29,,FALSE
JNL1522,1,2026-11-28,ENT001,180,16000.00,0.00,16000.00,Intercompany Management Fees Charged,GROUP,TRUE
JNL1522,2,2026-11-28,ENT001,650,0.00,16000.00,-16000.00,Intercompany Management Fees Charged,GROUP,TRUE
JNL1523,1,2026-11-28,ENT002,880,10000.00,0.00,10000.00,Intercompany Management Fee Incurred,ENT001,TRUE
JNL1523,2,2026-11-28,ENT002,380,0.00,10000.00,-10000.00,Intercompany Management Fee Incurred,ENT001,TRUE
JNL1524,1,2026-11-28,ENT003,880,6000.00,0.00,6000.00,Intercompany Management Fee Incurred,ENT001,TRUE
JNL1524,2,2026-11-28,ENT003,380,0.00,6000.00,-6000.00,Intercompany Management Fee Incurred,ENT001,TRUE
JNL1525,1,2026-11-28,ENT003,180,8500.00,0.00,8500.00,Internal Logistics Billed to Draynor,ENT002,TRUE
JNL1525,2,2026-11-28,ENT003,600,0.00,8500.00,-8500.00,Internal Logistics Billed to Draynor,ENT002,TRUE
JNL1526,1,2026-11-28,ENT002,750,8500.00,0.00,8500.00,Intercompany Freight Costs,ENT003,TRUE
JNL1526,2,2026-11-28,ENT002,380,0.00,8500.00,-8500.00,Intercompany Freight Costs,ENT003,TRUE
JNL1527,1,2026-12-15,ENT001,110,229600.00,0.00,229600.00,Advisory Billings - M30,,FALSE
JNL1527,2,2026-12-15,ENT001,610,0.00,229600.00,-229600.00,Advisory Billings - M30,,FALSE
JNL1528,1,2026-12-28,ENT001,800,107625.00,0.00,107625.00,Monthly Payroll - M30,,FALSE
JNL1528,2,2026-12-28,ENT001,805,12915.00,0.00,12915.00,Monthly Payroll - M30,,FALSE
JNL1528,3,2026-12-28,ENT001,100,0.00,107625.00,-107625.00,Monthly Payroll - M30,,FALSE
JNL1528,4,2026-12-28,ENT001,330,0.00,12915.00,-12915.00,Monthly Payroll - M30,,FALSE
JNL1529,1,2026-12-28,ENT001,820,12000.00,0.00,12000.00,Operating Costs & Rent - M30,,FALSE
JNL1529,2,2026-12-28,ENT001,830,3500.00,0.00,3500.00,Operating Costs & Rent - M30,,FALSE
JNL1529,3,2026-12-28,ENT001,100,0.00,15500.00,-15500.00,Operating Costs & Rent - M30,,FALSE
JNL1530,1,2026-12-15,ENT002,100,401800.00,0.00,401800.00,Food Retailing Sales - M30,,FALSE
JNL1530,2,2026-12-15,ENT002,600,0.00,401800.00,-401800.00,Food Retailing Sales - M30,,FALSE
JNL1531,1,2026-12-15,ENT002,700,233044.00,0.00,233044.00,Produce Inventory Purchase - M30,,FALSE
JNL1531,2,2026-12-15,ENT002,100,0.00,233044.00,-233044.00,Produce Inventory Purchase - M30,,FALSE
JNL1532,1,2026-12-28,ENT002,800,64575.00,0.00,64575.00,Monthly Payroll - M30,,FALSE
JNL1532,2,2026-12-28,ENT002,805,7749.00,0.00,7749.00,Monthly Payroll - M30,,FALSE
JNL1532,3,2026-12-28,ENT002,100,0.00,64575.00,-64575.00,Monthly Payroll - M30,,FALSE
JNL1532,4,2026-12-28,ENT002,330,0.00,7749.00,-7749.00,Monthly Payroll - M30,,FALSE
JNL1533,1,2026-12-28,ENT002,820,8500.00,0.00,8500.00,Store Operating Costs - M30,,FALSE
JNL1533,2,2026-12-28,ENT002,810,4200.00,0.00,4200.00,Store Operating Costs - M30,,FALSE
JNL1533,3,2026-12-28,ENT002,100,0.00,12700.00,-12700.00,Store Operating Costs - M30,,FALSE
JNL1534,1,2026-12-15,ENT003,110,272650.00,0.00,272650.00,Freight Service Revenue - M30,,FALSE
JNL1534,2,2026-12-15,ENT003,600,0.00,272650.00,-272650.00,Freight Service Revenue - M30,,FALSE
JNL1535,1,2026-12-15,ENT003,710,76342.00,0.00,76342.00,Fleet Fuel & Maintenance - M30,,FALSE
JNL1535,2,2026-12-15,ENT003,810,6500.00,0.00,6500.00,Fleet Fuel & Maintenance - M30,,FALSE
JNL1535,3,2026-12-15,ENT003,100,0.00,82842.00,-82842.00,Fleet Fuel & Maintenance - M30,,FALSE
JNL1536,1,2026-12-28,ENT003,800,86100.00,0.00,86100.00,Driver Payroll - M30,,FALSE
JNL1536,2,2026-12-28,ENT003,805,10332.00,0.00,10332.00,Driver Payroll - M30,,FALSE
JNL1536,3,2026-12-28,ENT003,100,0.00,86100.00,-86100.00,Driver Payroll - M30,,FALSE
JNL1536,4,2026-12-28,ENT003,330,0.00,10332.00,-10332.00,Driver Payroll - M30,,FALSE
JNL1537,1,2026-12-28,ENT003,890,4500.00,0.00,4500.00,Vehicle Depreciation - M30,,FALSE
JNL1537,2,2026-12-28,ENT003,210,0.00,4500.00,-4500.00,Vehicle Depreciation - M30,,FALSE
JNL1538,1,2026-12-15,ENT004,100,25000.00,0.00,25000.00,Property Rent Collection - M30,,FALSE
JNL1538,2,2026-12-15,ENT004,620,0.00,25000.00,-25000.00,Property Rent Collection - M30,,FALSE
JNL1539,1,2026-12-28,ENT004,895,5200.00,0.00,5200.00,Bank Facility Interest - M30,,FALSE
JNL1539,2,2026-12-28,ENT004,100,0.00,5200.00,-5200.00,Bank Facility Interest - M30,,FALSE
JNL1540,1,2026-12-28,ENT001,180,16000.00,0.00,16000.00,Intercompany Management Fees Charged,GROUP,TRUE
JNL1540,2,2026-12-28,ENT001,650,0.00,16000.00,-16000.00,Intercompany Management Fees Charged,GROUP,TRUE
JNL1541,1,2026-12-28,ENT002,880,10000.00,0.00,10000.00,Intercompany Management Fee Incurred,ENT001,TRUE
JNL1541,2,2026-12-28,ENT002,380,0.00,10000.00,-10000.00,Intercompany Management Fee Incurred,ENT001,TRUE
JNL1542,1,2026-12-28,ENT003,880,6000.00,0.00,6000.00,Intercompany Management Fee Incurred,ENT001,TRUE
JNL1542,2,2026-12-28,ENT003,380,0.00,6000.00,-6000.00,Intercompany Management Fee Incurred,ENT001,TRUE
JNL1543,1,2026-12-28,ENT003,180,8500.00,0.00,8500.00,Internal Logistics Billed to Draynor,ENT002,TRUE
JNL1543,2,2026-12-28,ENT003,600,0.00,8500.00,-8500.00,Internal Logistics Billed to Draynor,ENT002,TRUE
JNL1544,1,2026-12-28,ENT002,750,8500.00,0.00,8500.00,Intercompany Freight Costs,ENT003,TRUE
JNL1544,2,2026-12-28,ENT002,380,0.00,8500.00,-8500.00,Intercompany Freight Costs,ENT003,TRUE
JNL1545,1,2027-01-15,ENT001,110,232000.00,0.00,232000.00,Advisory Billings - M31,,FALSE
JNL1545,2,2027-01-15,ENT001,610,0.00,232000.00,-232000.00,Advisory Billings - M31,,FALSE
JNL1546,1,2027-01-28,ENT001,800,108750.00,0.00,108750.00,Monthly Payroll - M31,,FALSE
JNL1546,2,2027-01-28,ENT001,805,13050.00,0.00,13050.00,Monthly Payroll - M31,,FALSE
JNL1546,3,2027-01-28,ENT001,100,0.00,108750.00,-108750.00,Monthly Payroll - M31,,FALSE
JNL1546,4,2027-01-28,ENT001,330,0.00,13050.00,-13050.00,Monthly Payroll - M31,,FALSE
JNL1547,1,2027-01-28,ENT001,820,12000.00,0.00,12000.00,Operating Costs & Rent - M31,,FALSE
JNL1547,2,2027-01-28,ENT001,830,3500.00,0.00,3500.00,Operating Costs & Rent - M31,,FALSE
JNL1547,3,2027-01-28,ENT001,100,0.00,15500.00,-15500.00,Operating Costs & Rent - M31,,FALSE
JNL1548,1,2027-01-15,ENT002,100,406000.00,0.00,406000.00,Food Retailing Sales - M31,,FALSE
JNL1548,2,2027-01-15,ENT002,600,0.00,406000.00,-406000.00,Food Retailing Sales - M31,,FALSE
JNL1549,1,2027-01-15,ENT002,700,235480.00,0.00,235480.00,Produce Inventory Purchase - M31,,FALSE
JNL1549,2,2027-01-15,ENT002,100,0.00,235480.00,-235480.00,Produce Inventory Purchase - M31,,FALSE
JNL1550,1,2027-01-28,ENT002,800,65250.00,0.00,65250.00,Monthly Payroll - M31,,FALSE
JNL1550,2,2027-01-28,ENT002,805,7830.00,0.00,7830.00,Monthly Payroll - M31,,FALSE
JNL1550,3,2027-01-28,ENT002,100,0.00,65250.00,-65250.00,Monthly Payroll - M31,,FALSE
JNL1550,4,2027-01-28,ENT002,330,0.00,7830.00,-7830.00,Monthly Payroll - M31,,FALSE
JNL1551,1,2027-01-28,ENT002,820,8500.00,0.00,8500.00,Store Operating Costs - M31,,FALSE
JNL1551,2,2027-01-28,ENT002,810,4200.00,0.00,4200.00,Store Operating Costs - M31,,FALSE
JNL1551,3,2027-01-28,ENT002,100,0.00,12700.00,-12700.00,Store Operating Costs - M31,,FALSE
JNL1552,1,2027-01-15,ENT003,110,275500.00,0.00,275500.00,Freight Service Revenue - M31,,FALSE
JNL1552,2,2027-01-15,ENT003,600,0.00,275500.00,-275500.00,Freight Service Revenue - M31,,FALSE
JNL1553,1,2027-01-15,ENT003,710,77140.00,0.00,77140.00,Fleet Fuel & Maintenance - M31,,FALSE
JNL1553,2,2027-01-15,ENT003,810,6500.00,0.00,6500.00,Fleet Fuel & Maintenance - M31,,FALSE
JNL1553,3,2027-01-15,ENT003,100,0.00,83640.00,-83640.00,Fleet Fuel & Maintenance - M31,,FALSE
JNL1554,1,2027-01-28,ENT003,800,87000.00,0.00,87000.00,Driver Payroll - M31,,FALSE
JNL1554,2,2027-01-28,ENT003,805,10440.00,0.00,10440.00,Driver Payroll - M31,,FALSE
JNL1554,3,2027-01-28,ENT003,100,0.00,87000.00,-87000.00,Driver Payroll - M31,,FALSE
JNL1554,4,2027-01-28,ENT003,330,0.00,10440.00,-10440.00,Driver Payroll - M31,,FALSE
JNL1555,1,2027-01-28,ENT003,890,4500.00,0.00,4500.00,Vehicle Depreciation - M31,,FALSE
JNL1555,2,2027-01-28,ENT003,210,0.00,4500.00,-4500.00,Vehicle Depreciation - M31,,FALSE
JNL1556,1,2027-01-15,ENT004,100,25000.00,0.00,25000.00,Property Rent Collection - M31,,FALSE
JNL1556,2,2027-01-15,ENT004,620,0.00,25000.00,-25000.00,Property Rent Collection - M31,,FALSE
JNL1557,1,2027-01-28,ENT004,895,5200.00,0.00,5200.00,Bank Facility Interest - M31,,FALSE
JNL1557,2,2027-01-28,ENT004,100,0.00,5200.00,-5200.00,Bank Facility Interest - M31,,FALSE
JNL1558,1,2027-01-28,ENT001,180,16000.00,0.00,16000.00,Intercompany Management Fees Charged,GROUP,TRUE
JNL1558,2,2027-01-28,ENT001,650,0.00,16000.00,-16000.00,Intercompany Management Fees Charged,GROUP,TRUE
JNL1559,1,2027-01-28,ENT002,880,10000.00,0.00,10000.00,Intercompany Management Fee Incurred,ENT001,TRUE
JNL1559,2,2027-01-28,ENT002,380,0.00,10000.00,-10000.00,Intercompany Management Fee Incurred,ENT001,TRUE
JNL1560,1,2027-01-28,ENT003,880,6000.00,0.00,6000.00,Intercompany Management Fee Incurred,ENT001,TRUE
JNL1560,2,2027-01-28,ENT003,380,0.00,6000.00,-6000.00,Intercompany Management Fee Incurred,ENT001,TRUE
JNL1561,1,2027-01-28,ENT003,180,8500.00,0.00,8500.00,Internal Logistics Billed to Draynor,ENT002,TRUE
JNL1561,2,2027-01-28,ENT003,600,0.00,8500.00,-8500.00,Internal Logistics Billed to Draynor,ENT002,TRUE
JNL1562,1,2027-01-28,ENT002,750,8500.00,0.00,8500.00,Intercompany Freight Costs,ENT003,TRUE
JNL1562,2,2027-01-28,ENT002,380,0.00,8500.00,-8500.00,Intercompany Freight Costs,ENT003,TRUE
JNL1563,1,2027-02-15,ENT001,110,234400.00,0.00,234400.00,Advisory Billings - M32,,FALSE
JNL1563,2,2027-02-15,ENT001,610,0.00,234400.00,-234400.00,Advisory Billings - M32,,FALSE
JNL1564,1,2027-02-28,ENT001,800,109875.00,0.00,109875.00,Monthly Payroll - M32,,FALSE
JNL1564,2,2027-02-28,ENT001,805,13185.00,0.00,13185.00,Monthly Payroll - M32,,FALSE
JNL1564,3,2027-02-28,ENT001,100,0.00,109875.00,-109875.00,Monthly Payroll - M32,,FALSE
JNL1564,4,2027-02-28,ENT001,330,0.00,13185.00,-13185.00,Monthly Payroll - M32,,FALSE
JNL1565,1,2027-02-28,ENT001,820,12000.00,0.00,12000.00,Operating Costs & Rent - M32,,FALSE
JNL1565,2,2027-02-28,ENT001,830,3500.00,0.00,3500.00,Operating Costs & Rent - M32,,FALSE
JNL1565,3,2027-02-28,ENT001,100,0.00,15500.00,-15500.00,Operating Costs & Rent - M32,,FALSE
JNL1566,1,2027-02-15,ENT002,100,410200.00,0.00,410200.00,Food Retailing Sales - M32,,FALSE
JNL1566,2,2027-02-15,ENT002,600,0.00,410200.00,-410200.00,Food Retailing Sales - M32,,FALSE
JNL1567,1,2027-02-15,ENT002,700,237916.00,0.00,237916.00,Produce Inventory Purchase - M32,,FALSE
JNL1567,2,2027-02-15,ENT002,100,0.00,237916.00,-237916.00,Produce Inventory Purchase - M32,,FALSE
JNL1568,1,2027-02-28,ENT002,800,65925.00,0.00,65925.00,Monthly Payroll - M32,,FALSE
JNL1568,2,2027-02-28,ENT002,805,7911.00,0.00,7911.00,Monthly Payroll - M32,,FALSE
JNL1568,3,2027-02-28,ENT002,100,0.00,65925.00,-65925.00,Monthly Payroll - M32,,FALSE
JNL1568,4,2027-02-28,ENT002,330,0.00,7911.00,-7911.00,Monthly Payroll - M32,,FALSE
JNL1569,1,2027-02-28,ENT002,820,8500.00,0.00,8500.00,Store Operating Costs - M32,,FALSE
JNL1569,2,2027-02-28,ENT002,810,4200.00,0.00,4200.00,Store Operating Costs - M32,,FALSE
JNL1569,3,2027-02-28,ENT002,100,0.00,12700.00,-12700.00,Store Operating Costs - M32,,FALSE
JNL1570,1,2027-02-15,ENT003,110,278350.00,0.00,278350.00,Freight Service Revenue - M32,,FALSE
JNL1570,2,2027-02-15,ENT003,600,0.00,278350.00,-278350.00,Freight Service Revenue - M32,,FALSE
JNL1571,1,2027-02-15,ENT003,710,77938.00,0.00,77938.00,Fleet Fuel & Maintenance - M32,,FALSE
JNL1571,2,2027-02-15,ENT003,810,6500.00,0.00,6500.00,Fleet Fuel & Maintenance - M32,,FALSE
JNL1571,3,2027-02-15,ENT003,100,0.00,84438.00,-84438.00,Fleet Fuel & Maintenance - M32,,FALSE
JNL1572,1,2027-02-28,ENT003,800,87900.00,0.00,87900.00,Driver Payroll - M32,,FALSE
JNL1572,2,2027-02-28,ENT003,805,10548.00,0.00,10548.00,Driver Payroll - M32,,FALSE
JNL1572,3,2027-02-28,ENT003,100,0.00,87900.00,-87900.00,Driver Payroll - M32,,FALSE
JNL1572,4,2027-02-28,ENT003,330,0.00,10548.00,-10548.00,Driver Payroll - M32,,FALSE
JNL1573,1,2027-02-28,ENT003,890,4500.00,0.00,4500.00,Vehicle Depreciation - M32,,FALSE
JNL1573,2,2027-02-28,ENT003,210,0.00,4500.00,-4500.00,Vehicle Depreciation - M32,,FALSE
JNL1574,1,2027-02-15,ENT004,100,25000.00,0.00,25000.00,Property Rent Collection - M32,,FALSE
JNL1574,2,2027-02-15,ENT004,620,0.00,25000.00,-25000.00,Property Rent Collection - M32,,FALSE
JNL1575,1,2027-02-28,ENT004,895,5200.00,0.00,5200.00,Bank Facility Interest - M32,,FALSE
JNL1575,2,2027-02-28,ENT004,100,0.00,5200.00,-5200.00,Bank Facility Interest - M32,,FALSE
JNL1576,1,2027-02-28,ENT001,180,16000.00,0.00,16000.00,Intercompany Management Fees Charged,GROUP,TRUE
JNL1576,2,2027-02-28,ENT001,650,0.00,16000.00,-16000.00,Intercompany Management Fees Charged,GROUP,TRUE
JNL1577,1,2027-02-28,ENT002,880,10000.00,0.00,10000.00,Intercompany Management Fee Incurred,ENT001,TRUE
JNL1577,2,2027-02-28,ENT002,380,0.00,10000.00,-10000.00,Intercompany Management Fee Incurred,ENT001,TRUE
JNL1578,1,2027-02-28,ENT003,880,6000.00,0.00,6000.00,Intercompany Management Fee Incurred,ENT001,TRUE
JNL1578,2,2027-02-28,ENT003,380,0.00,6000.00,-6000.00,Intercompany Management Fee Incurred,ENT001,TRUE
JNL1579,1,2027-02-28,ENT003,180,8500.00,0.00,8500.00,Internal Logistics Billed to Draynor,ENT002,TRUE
JNL1579,2,2027-02-28,ENT003,600,0.00,8500.00,-8500.00,Internal Logistics Billed to Draynor,ENT002,TRUE
JNL1580,1,2027-02-28,ENT002,750,8500.00,0.00,8500.00,Intercompany Freight Costs,ENT003,TRUE
JNL1580,2,2027-02-28,ENT002,380,0.00,8500.00,-8500.00,Intercompany Freight Costs,ENT003,TRUE
JNL1581,1,2027-03-15,ENT001,110,236800.00,0.00,236800.00,Advisory Billings - M33,,FALSE
JNL1581,2,2027-03-15,ENT001,610,0.00,236800.00,-236800.00,Advisory Billings - M33,,FALSE
JNL1582,1,2027-03-28,ENT001,800,111000.00,0.00,111000.00,Monthly Payroll - M33,,FALSE
JNL1582,2,2027-03-28,ENT001,805,13320.00,0.00,13320.00,Monthly Payroll - M33,,FALSE
JNL1582,3,2027-03-28,ENT001,100,0.00,111000.00,-111000.00,Monthly Payroll - M33,,FALSE
JNL1582,4,2027-03-28,ENT001,330,0.00,13320.00,-13320.00,Monthly Payroll - M33,,FALSE
JNL1583,1,2027-03-28,ENT001,820,12000.00,0.00,12000.00,Operating Costs & Rent - M33,,FALSE
JNL1583,2,2027-03-28,ENT001,830,3500.00,0.00,3500.00,Operating Costs & Rent - M33,,FALSE
JNL1583,3,2027-03-28,ENT001,100,0.00,15500.00,-15500.00,Operating Costs & Rent - M33,,FALSE
JNL1584,1,2027-03-15,ENT002,100,414400.00,0.00,414400.00,Food Retailing Sales - M33,,FALSE
JNL1584,2,2027-03-15,ENT002,600,0.00,414400.00,-414400.00,Food Retailing Sales - M33,,FALSE
JNL1585,1,2027-03-15,ENT002,700,240352.00,0.00,240352.00,Produce Inventory Purchase - M33,,FALSE
JNL1585,2,2027-03-15,ENT002,100,0.00,240352.00,-240352.00,Produce Inventory Purchase - M33,,FALSE
JNL1586,1,2027-03-28,ENT002,800,66600.00,0.00,66600.00,Monthly Payroll - M33,,FALSE
JNL1586,2,2027-03-28,ENT002,805,7992.00,0.00,7992.00,Monthly Payroll - M33,,FALSE
JNL1586,3,2027-03-28,ENT002,100,0.00,66600.00,-66600.00,Monthly Payroll - M33,,FALSE
JNL1586,4,2027-03-28,ENT002,330,0.00,7992.00,-7992.00,Monthly Payroll - M33,,FALSE
JNL1587,1,2027-03-28,ENT002,820,8500.00,0.00,8500.00,Store Operating Costs - M33,,FALSE
JNL1587,2,2027-03-28,ENT002,810,4200.00,0.00,4200.00,Store Operating Costs - M33,,FALSE
JNL1587,3,2027-03-28,ENT002,100,0.00,12700.00,-12700.00,Store Operating Costs - M33,,FALSE
JNL1588,1,2027-03-15,ENT003,110,281200.00,0.00,281200.00,Freight Service Revenue - M33,,FALSE
JNL1588,2,2027-03-15,ENT003,600,0.00,281200.00,-281200.00,Freight Service Revenue - M33,,FALSE
JNL1589,1,2027-03-15,ENT003,710,78736.00,0.00,78736.00,Fleet Fuel & Maintenance - M33,,FALSE
JNL1589,2,2027-03-15,ENT003,810,6500.00,0.00,6500.00,Fleet Fuel & Maintenance - M33,,FALSE
JNL1589,3,2027-03-15,ENT003,100,0.00,85236.00,-85236.00,Fleet Fuel & Maintenance - M33,,FALSE
JNL1590,1,2027-03-28,ENT003,800,88800.00,0.00,88800.00,Driver Payroll - M33,,FALSE
JNL1590,2,2027-03-28,ENT003,805,10656.00,0.00,10656.00,Driver Payroll - M33,,FALSE
JNL1590,3,2027-03-28,ENT003,100,0.00,88800.00,-88800.00,Driver Payroll - M33,,FALSE
JNL1590,4,2027-03-28,ENT003,330,0.00,10656.00,-10656.00,Driver Payroll - M33,,FALSE
JNL1591,1,2027-03-28,ENT003,890,4500.00,0.00,4500.00,Vehicle Depreciation - M33,,FALSE
JNL1591,2,2027-03-28,ENT003,210,0.00,4500.00,-4500.00,Vehicle Depreciation - M33,,FALSE
JNL1592,1,2027-03-15,ENT004,100,25000.00,0.00,25000.00,Property Rent Collection - M33,,FALSE
JNL1592,2,2027-03-15,ENT004,620,0.00,25000.00,-25000.00,Property Rent Collection - M33,,FALSE
JNL1593,1,2027-03-28,ENT004,895,5200.00,0.00,5200.00,Bank Facility Interest - M33,,FALSE
JNL1593,2,2027-03-28,ENT004,100,0.00,5200.00,-5200.00,Bank Facility Interest - M33,,FALSE
JNL1594,1,2027-03-28,ENT001,180,16000.00,0.00,16000.00,Intercompany Management Fees Charged,GROUP,TRUE
JNL1594,2,2027-03-28,ENT001,650,0.00,16000.00,-16000.00,Intercompany Management Fees Charged,GROUP,TRUE
JNL1595,1,2027-03-28,ENT002,880,10000.00,0.00,10000.00,Intercompany Management Fee Incurred,ENT001,TRUE
JNL1595,2,2027-03-28,ENT002,380,0.00,10000.00,-10000.00,Intercompany Management Fee Incurred,ENT001,TRUE
JNL1596,1,2027-03-28,ENT003,880,6000.00,0.00,6000.00,Intercompany Management Fee Incurred,ENT001,TRUE
JNL1596,2,2027-03-28,ENT003,380,0.00,6000.00,-6000.00,Intercompany Management Fee Incurred,ENT001,TRUE
JNL1597,1,2027-03-28,ENT003,180,8500.00,0.00,8500.00,Internal Logistics Billed to Draynor,ENT002,TRUE
JNL1597,2,2027-03-28,ENT003,600,0.00,8500.00,-8500.00,Internal Logistics Billed to Draynor,ENT002,TRUE
JNL1598,1,2027-03-28,ENT002,750,8500.00,0.00,8500.00,Intercompany Freight Costs,ENT003,TRUE
JNL1598,2,2027-03-28,ENT002,380,0.00,8500.00,-8500.00,Intercompany Freight Costs,ENT003,TRUE
JNL1599,1,2027-04-15,ENT001,110,239200.00,0.00,239200.00,Advisory Billings - M34,,FALSE
JNL1599,2,2027-04-15,ENT001,610,0.00,239200.00,-239200.00,Advisory Billings - M34,,FALSE
JNL1600,1,2027-04-28,ENT001,800,112125.00,0.00,112125.00,Monthly Payroll - M34,,FALSE
JNL1600,2,2027-04-28,ENT001,805,13455.00,0.00,13455.00,Monthly Payroll - M34,,FALSE
JNL1600,3,2027-04-28,ENT001,100,0.00,112125.00,-112125.00,Monthly Payroll - M34,,FALSE
JNL1600,4,2027-04-28,ENT001,330,0.00,13455.00,-13455.00,Monthly Payroll - M34,,FALSE
JNL1601,1,2027-04-28,ENT001,820,12000.00,0.00,12000.00,Operating Costs & Rent - M34,,FALSE
JNL1601,2,2027-04-28,ENT001,830,3500.00,0.00,3500.00,Operating Costs & Rent - M34,,FALSE
JNL1601,3,2027-04-28,ENT001,100,0.00,15500.00,-15500.00,Operating Costs & Rent - M34,,FALSE
JNL1602,1,2027-04-15,ENT002,100,418600.00,0.00,418600.00,Food Retailing Sales - M34,,FALSE
JNL1602,2,2027-04-15,ENT002,600,0.00,418600.00,-418600.00,Food Retailing Sales - M34,,FALSE
JNL1603,1,2027-04-15,ENT002,700,242788.00,0.00,242788.00,Produce Inventory Purchase - M34,,FALSE
JNL1603,2,2027-04-15,ENT002,100,0.00,242788.00,-242788.00,Produce Inventory Purchase - M34,,FALSE
JNL1604,1,2027-04-28,ENT002,800,67275.00,0.00,67275.00,Monthly Payroll - M34,,FALSE
JNL1604,2,2027-04-28,ENT002,805,8073.00,0.00,8073.00,Monthly Payroll - M34,,FALSE
JNL1604,3,2027-04-28,ENT002,100,0.00,67275.00,-67275.00,Monthly Payroll - M34,,FALSE
JNL1604,4,2027-04-28,ENT002,330,0.00,8073.00,-8073.00,Monthly Payroll - M34,,FALSE
JNL1605,1,2027-04-28,ENT002,820,8500.00,0.00,8500.00,Store Operating Costs - M34,,FALSE
JNL1605,2,2027-04-28,ENT002,810,4200.00,0.00,4200.00,Store Operating Costs - M34,,FALSE
JNL1605,3,2027-04-28,ENT002,100,0.00,12700.00,-12700.00,Store Operating Costs - M34,,FALSE
JNL1606,1,2027-04-15,ENT003,110,284050.00,0.00,284050.00,Freight Service Revenue - M34,,FALSE
JNL1606,2,2027-04-15,ENT003,600,0.00,284050.00,-284050.00,Freight Service Revenue - M34,,FALSE
JNL1607,1,2027-04-15,ENT003,710,79534.00,0.00,79534.00,Fleet Fuel & Maintenance - M34,,FALSE
JNL1607,2,2027-04-15,ENT003,810,6500.00,0.00,6500.00,Fleet Fuel & Maintenance - M34,,FALSE
JNL1607,3,2027-04-15,ENT003,100,0.00,86034.00,-86034.00,Fleet Fuel & Maintenance - M34,,FALSE
JNL1608,1,2027-04-28,ENT003,800,89700.00,0.00,89700.00,Driver Payroll - M34,,FALSE
JNL1608,2,2027-04-28,ENT003,805,10764.00,0.00,10764.00,Driver Payroll - M34,,FALSE
JNL1608,3,2027-04-28,ENT003,100,0.00,89700.00,-89700.00,Driver Payroll - M34,,FALSE
JNL1608,4,2027-04-28,ENT003,330,0.00,10764.00,-10764.00,Driver Payroll - M34,,FALSE
JNL1609,1,2027-04-28,ENT003,890,4500.00,0.00,4500.00,Vehicle Depreciation - M34,,FALSE
JNL1609,2,2027-04-28,ENT003,210,0.00,4500.00,-4500.00,Vehicle Depreciation - M34,,FALSE
JNL1610,1,2027-04-15,ENT004,100,25000.00,0.00,25000.00,Property Rent Collection - M34,,FALSE
JNL1610,2,2027-04-15,ENT004,620,0.00,25000.00,-25000.00,Property Rent Collection - M34,,FALSE
JNL1611,1,2027-04-28,ENT004,895,5200.00,0.00,5200.00,Bank Facility Interest - M34,,FALSE
JNL1611,2,2027-04-28,ENT004,100,0.00,5200.00,-5200.00,Bank Facility Interest - M34,,FALSE
JNL1612,1,2027-04-28,ENT001,180,16000.00,0.00,16000.00,Intercompany Management Fees Charged,GROUP,TRUE
JNL1612,2,2027-04-28,ENT001,650,0.00,16000.00,-16000.00,Intercompany Management Fees Charged,GROUP,TRUE
JNL1613,1,2027-04-28,ENT002,880,10000.00,0.00,10000.00,Intercompany Management Fee Incurred,ENT001,TRUE
JNL1613,2,2027-04-28,ENT002,380,0.00,10000.00,-10000.00,Intercompany Management Fee Incurred,ENT001,TRUE
JNL1614,1,2027-04-28,ENT003,880,6000.00,0.00,6000.00,Intercompany Management Fee Incurred,ENT001,TRUE
JNL1614,2,2027-04-28,ENT003,380,0.00,6000.00,-6000.00,Intercompany Management Fee Incurred,ENT001,TRUE
JNL1615,1,2027-04-28,ENT003,180,8500.00,0.00,8500.00,Internal Logistics Billed to Draynor,ENT002,TRUE
JNL1615,2,2027-04-28,ENT003,600,0.00,8500.00,-8500.00,Internal Logistics Billed to Draynor,ENT002,TRUE
JNL1616,1,2027-04-28,ENT002,750,8500.00,0.00,8500.00,Intercompany Freight Costs,ENT003,TRUE
JNL1616,2,2027-04-28,ENT002,380,0.00,8500.00,-8500.00,Intercompany Freight Costs,ENT003,TRUE
JNL1617,1,2027-05-15,ENT001,110,241600.00,0.00,241600.00,Advisory Billings - M35,,FALSE
JNL1617,2,2027-05-15,ENT001,610,0.00,241600.00,-241600.00,Advisory Billings - M35,,FALSE
JNL1618,1,2027-05-28,ENT001,800,113250.00,0.00,113250.00,Monthly Payroll - M35,,FALSE
JNL1618,2,2027-05-28,ENT001,805,13590.00,0.00,13590.00,Monthly Payroll - M35,,FALSE
JNL1618,3,2027-05-28,ENT001,100,0.00,113250.00,-113250.00,Monthly Payroll - M35,,FALSE
JNL1618,4,2027-05-28,ENT001,330,0.00,13590.00,-13590.00,Monthly Payroll - M35,,FALSE
JNL1619,1,2027-05-28,ENT001,820,12000.00,0.00,12000.00,Operating Costs & Rent - M35,,FALSE
JNL1619,2,2027-05-28,ENT001,830,3500.00,0.00,3500.00,Operating Costs & Rent - M35,,FALSE
JNL1619,3,2027-05-28,ENT001,100,0.00,15500.00,-15500.00,Operating Costs & Rent - M35,,FALSE
JNL1620,1,2027-05-15,ENT002,100,422800.00,0.00,422800.00,Food Retailing Sales - M35,,FALSE
JNL1620,2,2027-05-15,ENT002,600,0.00,422800.00,-422800.00,Food Retailing Sales - M35,,FALSE
JNL1621,1,2027-05-15,ENT002,700,245224.00,0.00,245224.00,Produce Inventory Purchase - M35,,FALSE
JNL1621,2,2027-05-15,ENT002,100,0.00,245224.00,-245224.00,Produce Inventory Purchase - M35,,FALSE
JNL1622,1,2027-05-28,ENT002,800,67950.00,0.00,67950.00,Monthly Payroll - M35,,FALSE
JNL1622,2,2027-05-28,ENT002,805,8154.00,0.00,8154.00,Monthly Payroll - M35,,FALSE
JNL1622,3,2027-05-28,ENT002,100,0.00,67950.00,-67950.00,Monthly Payroll - M35,,FALSE
JNL1622,4,2027-05-28,ENT002,330,0.00,8154.00,-8154.00,Monthly Payroll - M35,,FALSE
JNL1623,1,2027-05-28,ENT002,820,8500.00,0.00,8500.00,Store Operating Costs - M35,,FALSE
JNL1623,2,2027-05-28,ENT002,810,4200.00,0.00,4200.00,Store Operating Costs - M35,,FALSE
JNL1623,3,2027-05-28,ENT002,100,0.00,12700.00,-12700.00,Store Operating Costs - M35,,FALSE
JNL1624,1,2027-05-15,ENT003,110,286900.00,0.00,286900.00,Freight Service Revenue - M35,,FALSE
JNL1624,2,2027-05-15,ENT003,600,0.00,286900.00,-286900.00,Freight Service Revenue - M35,,FALSE
JNL1625,1,2027-05-15,ENT003,710,80332.00,0.00,80332.00,Fleet Fuel & Maintenance - M35,,FALSE
JNL1625,2,2027-05-15,ENT003,810,6500.00,0.00,6500.00,Fleet Fuel & Maintenance - M35,,FALSE
JNL1625,3,2027-05-15,ENT003,100,0.00,86832.00,-86832.00,Fleet Fuel & Maintenance - M35,,FALSE
JNL1626,1,2027-05-28,ENT003,800,90600.00,0.00,90600.00,Driver Payroll - M35,,FALSE
JNL1626,2,2027-05-28,ENT003,805,10872.00,0.00,10872.00,Driver Payroll - M35,,FALSE
JNL1626,3,2027-05-28,ENT003,100,0.00,90600.00,-90600.00,Driver Payroll - M35,,FALSE
JNL1626,4,2027-05-28,ENT003,330,0.00,10872.00,-10872.00,Driver Payroll - M35,,FALSE
JNL1627,1,2027-05-28,ENT003,890,4500.00,0.00,4500.00,Vehicle Depreciation - M35,,FALSE
JNL1627,2,2027-05-28,ENT003,210,0.00,4500.00,-4500.00,Vehicle Depreciation - M35,,FALSE
JNL1628,1,2027-05-15,ENT004,100,25000.00,0.00,25000.00,Property Rent Collection - M35,,FALSE
JNL1628,2,2027-05-15,ENT004,620,0.00,25000.00,-25000.00,Property Rent Collection - M35,,FALSE
JNL1629,1,2027-05-28,ENT004,895,5200.00,0.00,5200.00,Bank Facility Interest - M35,,FALSE
JNL1629,2,2027-05-28,ENT004,100,0.00,5200.00,-5200.00,Bank Facility Interest - M35,,FALSE
JNL1630,1,2027-05-28,ENT001,180,16000.00,0.00,16000.00,Intercompany Management Fees Charged,GROUP,TRUE
JNL1630,2,2027-05-28,ENT001,650,0.00,16000.00,-16000.00,Intercompany Management Fees Charged,GROUP,TRUE
JNL1631,1,2027-05-28,ENT002,880,10000.00,0.00,10000.00,Intercompany Management Fee Incurred,ENT001,TRUE
JNL1631,2,2027-05-28,ENT002,380,0.00,10000.00,-10000.00,Intercompany Management Fee Incurred,ENT001,TRUE
JNL1632,1,2027-05-28,ENT003,880,6000.00,0.00,6000.00,Intercompany Management Fee Incurred,ENT001,TRUE
JNL1632,2,2027-05-28,ENT003,380,0.00,6000.00,-6000.00,Intercompany Management Fee Incurred,ENT001,TRUE
JNL1633,1,2027-05-28,ENT003,180,8500.00,0.00,8500.00,Internal Logistics Billed to Draynor,ENT002,TRUE
JNL1633,2,2027-05-28,ENT003,600,0.00,8500.00,-8500.00,Internal Logistics Billed to Draynor,ENT002,TRUE
JNL1634,1,2027-05-28,ENT002,750,8500.00,0.00,8500.00,Intercompany Freight Costs,ENT003,TRUE
JNL1634,2,2027-05-28,ENT002,380,0.00,8500.00,-8500.00,Intercompany Freight Costs,ENT003,TRUE
JNL1635,1,2027-06-15,ENT001,110,244000.00,0.00,244000.00,Advisory Billings - M36,,FALSE
JNL1635,2,2027-06-15,ENT001,610,0.00,244000.00,-244000.00,Advisory Billings - M36,,FALSE
JNL1636,1,2027-06-28,ENT001,800,114375.00,0.00,114375.00,Monthly Payroll - M36,,FALSE
JNL1636,2,2027-06-28,ENT001,805,13725.00,0.00,13725.00,Monthly Payroll - M36,,FALSE
JNL1636,3,2027-06-28,ENT001,100,0.00,114375.00,-114375.00,Monthly Payroll - M36,,FALSE
JNL1636,4,2027-06-28,ENT001,330,0.00,13725.00,-13725.00,Monthly Payroll - M36,,FALSE
JNL1637,1,2027-06-28,ENT001,820,12000.00,0.00,12000.00,Operating Costs & Rent - M36,,FALSE
JNL1637,2,2027-06-28,ENT001,830,3500.00,0.00,3500.00,Operating Costs & Rent - M36,,FALSE
JNL1637,3,2027-06-28,ENT001,100,0.00,15500.00,-15500.00,Operating Costs & Rent - M36,,FALSE
JNL1638,1,2027-06-15,ENT002,100,427000.00,0.00,427000.00,Food Retailing Sales - M36,,FALSE
JNL1638,2,2027-06-15,ENT002,600,0.00,427000.00,-427000.00,Food Retailing Sales - M36,,FALSE
JNL1639,1,2027-06-15,ENT002,700,247660.00,0.00,247660.00,Produce Inventory Purchase - M36,,FALSE
JNL1639,2,2027-06-15,ENT002,100,0.00,247660.00,-247660.00,Produce Inventory Purchase - M36,,FALSE
JNL1640,1,2027-06-28,ENT002,800,68625.00,0.00,68625.00,Monthly Payroll - M36,,FALSE
JNL1640,2,2027-06-28,ENT002,805,8235.00,0.00,8235.00,Monthly Payroll - M36,,FALSE
JNL1640,3,2027-06-28,ENT002,100,0.00,68625.00,-68625.00,Monthly Payroll - M36,,FALSE
JNL1640,4,2027-06-28,ENT002,330,0.00,8235.00,-8235.00,Monthly Payroll - M36,,FALSE
JNL1641,1,2027-06-28,ENT002,820,8500.00,0.00,8500.00,Store Operating Costs - M36,,FALSE
JNL1641,2,2027-06-28,ENT002,810,4200.00,0.00,4200.00,Store Operating Costs - M36,,FALSE
JNL1641,3,2027-06-28,ENT002,100,0.00,12700.00,-12700.00,Store Operating Costs - M36,,FALSE
JNL1642,1,2027-06-15,ENT003,110,289750.00,0.00,289750.00,Freight Service Revenue - M36,,FALSE
JNL1642,2,2027-06-15,ENT003,600,0.00,289750.00,-289750.00,Freight Service Revenue - M36,,FALSE
JNL1643,1,2027-06-15,ENT003,710,81130.00,0.00,81130.00,Fleet Fuel & Maintenance - M36,,FALSE
JNL1643,2,2027-06-15,ENT003,810,6500.00,0.00,6500.00,Fleet Fuel & Maintenance - M36,,FALSE
JNL1643,3,2027-06-15,ENT003,100,0.00,87630.00,-87630.00,Fleet Fuel & Maintenance - M36,,FALSE
JNL1644,1,2027-06-28,ENT003,800,91500.00,0.00,91500.00,Driver Payroll - M36,,FALSE
JNL1644,2,2027-06-28,ENT003,805,10980.00,0.00,10980.00,Driver Payroll - M36,,FALSE
JNL1644,3,2027-06-28,ENT003,100,0.00,91500.00,-91500.00,Driver Payroll - M36,,FALSE
JNL1644,4,2027-06-28,ENT003,330,0.00,10980.00,-10980.00,Driver Payroll - M36,,FALSE
JNL1645,1,2027-06-28,ENT003,890,4500.00,0.00,4500.00,Vehicle Depreciation - M36,,FALSE
JNL1645,2,2027-06-28,ENT003,210,0.00,4500.00,-4500.00,Vehicle Depreciation - M36,,FALSE
JNL1646,1,2027-06-15,ENT004,100,25000.00,0.00,25000.00,Property Rent Collection - M36,,FALSE
JNL1646,2,2027-06-15,ENT004,620,0.00,25000.00,-25000.00,Property Rent Collection - M36,,FALSE
JNL1647,1,2027-06-28,ENT004,895,5200.00,0.00,5200.00,Bank Facility Interest - M36,,FALSE
JNL1647,2,2027-06-28,ENT004,100,0.00,5200.00,-5200.00,Bank Facility Interest - M36,,FALSE
JNL1648,1,2027-06-28,ENT001,180,16000.00,0.00,16000.00,Intercompany Management Fees Charged,GROUP,TRUE
JNL1648,2,2027-06-28,ENT001,650,0.00,16000.00,-16000.00,Intercompany Management Fees Charged,GROUP,TRUE
JNL1649,1,2027-06-28,ENT002,880,10000.00,0.00,10000.00,Intercompany Management Fee Incurred,ENT001,TRUE
JNL1649,2,2027-06-28,ENT002,380,0.00,10000.00,-10000.00,Intercompany Management Fee Incurred,ENT001,TRUE
JNL1650,1,2027-06-28,ENT003,880,6000.00,0.00,6000.00,Intercompany Management Fee Incurred,ENT001,TRUE
JNL1650,2,2027-06-28,ENT003,380,0.00,6000.00,-6000.00,Intercompany Management Fee Incurred,ENT001,TRUE
JNL1651,1,2027-06-28,ENT003,180,8500.00,0.00,8500.00,Internal Logistics Billed to Draynor,ENT002,TRUE
JNL1651,2,2027-06-28,ENT003,600,0.00,8500.00,-8500.00,Internal Logistics Billed to Draynor,ENT002,TRUE
JNL1652,1,2027-06-28,ENT002,750,8500.00,0.00,8500.00,Intercompany Freight Costs,ENT003,TRUE
JNL1652,2,2027-06-28,ENT002,380,0.00,8500.00,-8500.00,Intercompany Freight Costs,ENT003,TRUE
